Year,CountyName,Population,Municipal,Manufacturing,Mining,Power,Irrigation,LiveStock,Muni_GW,Muni_SW,Muni_RU,MFG_Gw,MFG_SW,MFG_RU,Mining_GW,Mining_SW,Mining_RU,Power_GW,Power_SW,Power_RU,Irrig_GW,Irrig_SW,Irrig_RU,Livestock_GW,Livestock_SW,Livestock_RU,textbox46,textbox11,textbox13,Manufacturing1,textbox17,textbox19,textbox20,textbox21,textbox23,textbox25,Textbox44,textbox27,textbox29,Textbox49,textbox31,textbox33,Textbox52,textbox35,textbox37,Textbox55,textbox39,textbox41,Textbox58,textbox43,textbox45,Textbox61
2016,ANDERSON,"57,734","11,561","1,537",3,0,720,"1,089","8,580","2,979",2,"1,537",0,0,2,1,0,0,0,0,368,352,0,54,"1,035",0,2016,"27,862,596","4,412,556","1,068,798","169,128","464,763","7,831,789","325,385","1,448,876","2,858,268","105,412","159,062","886,039","23,697","112,372","14,830","41,926","56,724","352,080","55,959","5,967,759","1,801,089","62,941","160,400","164,985",0
2016,ANDREWS,"17,760","3,396",42,"1,997",0,"16,536",191,"3,078",0,318,42,0,0,"1,358",0,639,0,0,0,"16,536",0,0,191,0,0,2016,"27,862,596","4,412,556","1,068,798","169,128","464,763","7,831,789","325,385","1,448,876","2,858,268","105,412","159,062","886,039","23,697","112,372","14,830","41,926","56,724","352,080","55,959","5,967,759","1,801,089","62,941","160,400","164,985",0
2016,ANGELINA,"87,791","11,838","4,264",63,261,189,"1,001","10,404","1,434",0,"2,088","2,138",38,42,18,3,261,0,0,28,161,0,100,901,0,2016,"27,862,596","4,412,556","1,068,798","169,128","464,763","7,831,789","325,385","1,448,876","2,858,268","105,412","159,062","886,039","23,697","112,372","14,830","41,926","56,724","352,080","55,959","5,967,759","1,801,089","62,941","160,400","164,985",0
2016,ARANSAS,"25,721","3,559",0,0,0,0,52,365,"3,194",0,0,0,0,0,0,0,0,0,0,0,0,0,36,16,0,2016,"27,862,596","4,412,556","1,068,798","169,128","464,763","7,831,789","325,385","1,448,876","2,858,268","105,412","159,062","886,039","23,697","112,372","14,830","41,926","56,724","352,080","55,959","5,967,759","1,801,089","62,941","160,400","164,985",0
2016,ARCHER,"8,703","1,040",1,34,0,0,"1,813",95,944,1,0,1,0,7,24,3,0,0,0,0,0,0,363,"1,450",0,2016,"27,862,596","4,412,556","1,068,798","169,128","464,763","7,831,789","325,385","1,448,876","2,858,268","105,412","159,062","886,039","23,697","112,372","14,830","41,926","56,724","352,080","55,959","5,967,759","1,801,089","62,941","160,400","164,985",0
2016,ARMSTRONG,"1,876",330,0,0,0,"6,812",292,330,0,0,0,0,0,0,0,0,0,0,0,"6,812",0,0,263,29,0,2016,"27,862,596","4,412,556","1,068,798","169,128","464,763","7,831,789","325,385","1,448,876","2,858,268","105,412","159,062","886,039","23,697","112,372","14,830","41,926","56,724","352,080","55,959","5,967,759","1,801,089","62,941","160,400","164,985",0
2016,ATASCOSA,"48,797","6,296",48,"2,331","5,036","18,673","1,426","6,296",0,0,48,0,0,"1,718",175,438,"5,036",0,0,"18,673",0,0,"1,141",285,0,2016,"27,862,596","4,412,556","1,068,798","169,128","464,763","7,831,789","325,385","1,448,876","2,858,268","105,412","159,062","886,039","23,697","112,372","14,830","41,926","56,724","352,080","55,959","5,967,759","1,801,089","62,941","160,400","164,985",0
2016,AUSTIN,"29,758","3,782",14,13,0,"4,894","1,220","3,782",0,0,14,0,0,0,13,0,0,0,0,"4,894",0,0,366,854,0,2016,"27,862,596","4,412,556","1,068,798","169,128","464,763","7,831,789","325,385","1,448,876","2,858,268","105,412","159,062","886,039","23,697","112,372","14,830","41,926","56,724","352,080","55,959","5,967,759","1,801,089","62,941","160,400","164,985",0
2016,BAILEY,"7,181","1,220",0,0,0,"64,900","3,456","1,031",0,189,0,0,0,0,0,0,0,0,0,"64,783",0,117,"3,110",346,0,2016,"27,862,596","4,412,556","1,068,798","169,128","464,763","7,831,789","325,385","1,448,876","2,858,268","105,412","159,062","886,039","23,697","112,372","14,830","41,926","56,724","352,080","55,959","5,967,759","1,801,089","62,941","160,400","164,985",0
2016,BANDERA,"21,776","2,098",0,0,0,663,220,"2,073",0,25,0,0,0,0,0,0,0,0,0,656,7,0,165,55,0,2016,"27,862,596","4,412,556","1,068,798","169,128","464,763","7,831,789","325,385","1,448,876","2,858,268","105,412","159,062","886,039","23,697","112,372","14,830","41,926","56,724","352,080","55,959","5,967,759","1,801,089","62,941","160,400","164,985",0
2016,BASTROP,"82,733","10,426",71,22,"5,844","2,872","1,073","10,346",0,80,71,0,0,22,0,0,"3,272","2,572",0,"2,872",0,0,215,858,0,2016,"27,862,596","4,412,556","1,068,798","169,128","464,763","7,831,789","325,385","1,448,876","2,858,268","105,412","159,062","886,039","23,697","112,372","14,830","41,926","56,724","352,080","55,959","5,967,759","1,801,089","62,941","160,400","164,985",0
2016,BAYLOR,"3,697",950,0,0,0,"3,610",734,934,16,0,0,0,0,0,0,0,0,0,0,"2,828",782,0,147,587,0,2016,"27,862,596","4,412,556","1,068,798","169,128","464,763","7,831,789","325,385","1,448,876","2,858,268","105,412","159,062","886,039","23,697","112,372","14,830","41,926","56,724","352,080","55,959","5,967,759","1,801,089","62,941","160,400","164,985",0
2016,BEE,"32,750","5,653",0,0,0,"2,706",593,"2,804","2,542",307,0,0,0,0,0,0,0,0,0,"2,706",0,0,475,118,0,2016,"27,862,596","4,412,556","1,068,798","169,128","464,763","7,831,789","325,385","1,448,876","2,858,268","105,412","159,062","886,039","23,697","112,372","14,830","41,926","56,724","352,080","55,959","5,967,759","1,801,089","62,941","160,400","164,985",0
2016,BELL,"340,411","51,326",620,11,"3,335","2,833",903,"2,490","48,391",445,2,618,0,11,0,0,0,0,"3,335",585,"2,210",38,271,632,0,2016,"27,862,596","4,412,556","1,068,798","169,128","464,763","7,831,789","325,385","1,448,876","2,858,268","105,412","159,062","886,039","23,697","112,372","14,830","41,926","56,724","352,080","55,959","5,967,759","1,801,089","62,941","160,400","164,985",0
2016,BEXAR,"1,928,680","287,847","6,588","7,810","39,725","10,107",752,"251,181","8,608","28,058","4,858","1,052",678,"7,810",0,0,844,"19,489","19,392","8,123","1,984",0,226,526,0,2016,"27,862,596","4,412,556","1,068,798","169,128","464,763","7,831,789","325,385","1,448,876","2,858,268","105,412","159,062","886,039","23,697","112,372","14,830","41,926","56,724","352,080","55,959","5,967,759","1,801,089","62,941","160,400","164,985",0
2016,BLANCO,"11,392","1,261",0,0,0,"1,398",299,905,356,0,0,0,0,0,0,0,0,0,0,"1,398",0,0,209,90,0,2016,"27,862,596","4,412,556","1,068,798","169,128","464,763","7,831,789","325,385","1,448,876","2,858,268","105,412","159,062","886,039","23,697","112,372","14,830","41,926","56,724","352,080","55,959","5,967,759","1,801,089","62,941","160,400","164,985",0
2016,BORDEN,633,161,0,178,0,"2,214",129,161,0,0,0,0,0,146,0,32,0,0,0,"2,214",0,0,39,90,0,2016,"27,862,596","4,412,556","1,068,798","169,128","464,763","7,831,789","325,385","1,448,876","2,858,268","105,412","159,062","886,039","23,697","112,372","14,830","41,926","56,724","352,080","55,959","5,967,759","1,801,089","62,941","160,400","164,985",0
2016,BOSQUE,"18,097","2,758",11,0,"2,716","1,704",756,"2,517",231,10,2,9,0,0,0,0,1,"2,715",0,"1,568",136,0,227,529,0,2016,"27,862,596","4,412,556","1,068,798","169,128","464,763","7,831,789","325,385","1,448,876","2,858,268","105,412","159,062","886,039","23,697","112,372","14,830","41,926","56,724","352,080","55,959","5,967,759","1,801,089","62,941","160,400","164,985",0
2016,BOWIE,"93,860","18,848",171,0,0,"9,302","1,763",946,"17,902",0,9,162,0,0,0,0,0,0,0,"2,962","6,340",0,88,"1,675",0,2016,"27,862,596","4,412,556","1,068,798","169,128","464,763","7,831,789","325,385","1,448,876","2,858,268","105,412","159,062","886,039","23,697","112,372","14,830","41,926","56,724","352,080","55,959","5,967,759","1,801,089","62,941","160,400","164,985",0
2016,BRAZORIA,"354,195","39,104","173,524",0,0,"67,574","1,629","25,361","13,695",48,"1,520","168,674","3,330",0,0,0,0,0,0,"4,195","63,379",0,"1,222",407,0,2016,"27,862,596","4,412,556","1,068,798","169,128","464,763","7,831,789","325,385","1,448,876","2,858,268","105,412","159,062","886,039","23,697","112,372","14,830","41,926","56,724","352,080","55,959","5,967,759","1,801,089","62,941","160,400","164,985",0
2016,BRAZOS,"220,417","37,883","1,368",351,502,"32,912","1,233","35,512",474,"1,897","1,368",0,0,253,28,70,80,422,0,"31,585","1,327",0,432,801,0,2016,"27,862,596","4,412,556","1,068,798","169,128","464,763","7,831,789","325,385","1,448,876","2,858,268","105,412","159,062","886,039","23,697","112,372","14,830","41,926","56,724","352,080","55,959","5,967,759","1,801,089","62,941","160,400","164,985",0
2016,BREWSTER,"9,200","3,565",0,0,0,"1,574",312,"3,491",0,74,0,0,0,0,0,0,0,0,0,915,659,0,296,16,0,2016,"27,862,596","4,412,556","1,068,798","169,128","464,763","7,831,789","325,385","1,448,876","2,858,268","105,412","159,062","886,039","23,697","112,372","14,830","41,926","56,724","352,080","55,959","5,967,759","1,801,089","62,941","160,400","164,985",0
2016,BRISCOE,"1,474",167,0,0,0,"21,919",252,101,66,0,0,0,0,0,0,0,0,0,0,"21,919",0,0,214,38,0,2016,"27,862,596","4,412,556","1,068,798","169,128","464,763","7,831,789","325,385","1,448,876","2,858,268","105,412","159,062","886,039","23,697","112,372","14,830","41,926","56,724","352,080","55,959","5,967,759","1,801,089","62,941","160,400","164,985",0
2016,BROOKS,"7,214","1,457",0,3,0,844,527,"1,457",0,0,0,0,0,2,1,0,0,0,0,844,0,0,343,184,0,2016,"27,862,596","4,412,556","1,068,798","169,128","464,763","7,831,789","325,385","1,448,876","2,858,268","105,412","159,062","886,039","23,697","112,372","14,830","41,926","56,724","352,080","55,959","5,967,759","1,801,089","62,941","160,400","164,985",0
2016,BROWN,"38,271","4,785",387,0,0,"6,622","1,009",190,"4,595",0,1,377,9,0,0,0,0,0,0,712,"5,910",0,152,857,0,2016,"27,862,596","4,412,556","1,068,798","169,128","464,763","7,831,789","325,385","1,448,876","2,858,268","105,412","159,062","886,039","23,697","112,372","14,830","41,926","56,724","352,080","55,959","5,967,759","1,801,089","62,941","160,400","164,985",0
2016,BURLESON,"17,760","2,546",111,861,0,"15,902","1,131","2,546",0,0,111,0,0,620,69,172,0,0,0,"15,086",816,0,339,792,0,2016,"27,862,596","4,412,556","1,068,798","169,128","464,763","7,831,789","325,385","1,448,876","2,858,268","105,412","159,062","886,039","23,697","112,372","14,830","41,926","56,724","352,080","55,959","5,967,759","1,801,089","62,941","160,400","164,985",0
2016,BURNET,"46,243","8,212",102,88,0,"1,733",552,"2,732","3,683","1,797",60,42,0,85,0,3,0,0,0,409,315,"1,009",283,269,0,2016,"27,862,596","4,412,556","1,068,798","169,128","464,763","7,831,789","325,385","1,448,876","2,858,268","105,412","159,062","886,039","23,697","112,372","14,830","41,926","56,724","352,080","55,959","5,967,759","1,801,089","62,941","160,400","164,985",0
2016,CALDWELL,"41,161","4,897",13,0,0,479,809,"1,831","3,058",8,0,13,0,0,0,0,0,0,0,395,84,0,162,647,0,2016,"27,862,596","4,412,556","1,068,798","169,128","464,763","7,831,789","325,385","1,448,876","2,858,268","105,412","159,062","886,039","23,697","112,372","14,830","41,926","56,724","352,080","55,959","5,967,759","1,801,089","62,941","160,400","164,985",0
2016,CALHOUN,"21,965","2,535","44,794",0,0,"11,427",274,373,"2,162",0,467,"42,748","1,579",0,0,0,0,0,0,314,"11,113",0,192,82,0,2016,"27,862,596","4,412,556","1,068,798","169,128","464,763","7,831,789","325,385","1,448,876","2,858,268","105,412","159,062","886,039","23,697","112,372","14,830","41,926","56,724","352,080","55,959","5,967,759","1,801,089","62,941","160,400","164,985",0
2016,CALLAHAN,"13,820","1,128",0,0,0,223,732,252,876,0,0,0,0,0,0,0,0,0,0,220,3,0,183,549,0,2016,"27,862,596","4,412,556","1,068,798","169,128","464,763","7,831,789","325,385","1,448,876","2,858,268","105,412","159,062","886,039","23,697","112,372","14,830","41,926","56,724","352,080","55,959","5,967,759","1,801,089","62,941","160,400","164,985",0
2016,CAMERON,"422,135","55,928",509,0,106,"387,105",315,"7,801","47,451",676,100,409,0,0,0,0,0,106,0,343,"386,762",0,31,284,0,2016,"27,862,596","4,412,556","1,068,798","169,128","464,763","7,831,789","325,385","1,448,876","2,858,268","105,412","159,062","886,039","23,697","112,372","14,830","41,926","56,724","352,080","55,959","5,967,759","1,801,089","62,941","160,400","164,985",0
2016,CAMP,"12,867",843,37,0,0,0,"5,468",548,295,0,1,36,0,0,0,0,0,0,0,0,0,0,"2,187","3,281",0,2016,"27,862,596","4,412,556","1,068,798","169,128","464,763","7,831,789","325,385","1,448,876","2,858,268","105,412","159,062","886,039","23,697","112,372","14,830","41,926","56,724","352,080","55,959","5,967,759","1,801,089","62,941","160,400","164,985",0
2016,CARSON,"6,057",834,"1,172",0,0,"104,202",349,834,0,0,987,0,185,0,0,0,0,0,0,"104,042",160,0,314,35,0,2016,"27,862,596","4,412,556","1,068,798","169,128","464,763","7,831,789","325,385","1,448,876","2,858,268","105,412","159,062","886,039","23,697","112,372","14,830","41,926","56,724","352,080","55,959","5,967,759","1,801,089","62,941","160,400","164,985",0
2016,CASS,"30,375","2,672","32,311",38,0,0,"2,611","1,077","1,595",0,127,"32,184",0,28,7,3,0,0,0,0,0,0,79,"2,532",0,2016,"27,862,596","4,412,556","1,068,798","169,128","464,763","7,831,789","325,385","1,448,876","2,858,268","105,412","159,062","886,039","23,697","112,372","14,830","41,926","56,724","352,080","55,959","5,967,759","1,801,089","62,941","160,400","164,985",0
2016,CASTRO,"7,669","1,156",56,0,0,"327,847","10,890","1,156",0,0,56,0,0,0,0,0,0,0,0,"327,847",0,0,"9,801","1,089",0,2016,"27,862,596","4,412,556","1,068,798","169,128","464,763","7,831,789","325,385","1,448,876","2,858,268","105,412","159,062","886,039","23,697","112,372","14,830","41,926","56,724","352,080","55,959","5,967,759","1,801,089","62,941","160,400","164,985",0
2016,CHAMBERS,"39,899","6,441","34,377",1,712,"83,298",520,"2,823","3,618",0,"3,747","30,630",0,1,0,0,19,693,0,118,"83,180",0,208,312,0,2016,"27,862,596","4,412,556","1,068,798","169,128","464,763","7,831,789","325,385","1,448,876","2,858,268","105,412","159,062","886,039","23,697","112,372","14,830","41,926","56,724","352,080","55,959","5,967,759","1,801,089","62,941","160,400","164,985",0
2016,CHEROKEE,"51,668","8,201",57,162,297,403,"1,815","7,713",479,9,36,21,0,108,46,8,156,141,0,231,172,0,272,"1,543",0,2016,"27,862,596","4,412,556","1,068,798","169,128","464,763","7,831,789","325,385","1,448,876","2,858,268","105,412","159,062","886,039","23,697","112,372","14,830","41,926","56,724","352,080","55,959","5,967,759","1,801,089","62,941","160,400","164,985",0
2016,CHILDRESS,"7,052","2,196",0,0,0,"15,090",227,34,"1,536",626,0,0,0,0,0,0,0,0,0,"15,090",0,0,204,23,0,2016,"27,862,596","4,412,556","1,068,798","169,128","464,763","7,831,789","325,385","1,448,876","2,858,268","105,412","159,062","886,039","23,697","112,372","14,830","41,926","56,724","352,080","55,959","5,967,759","1,801,089","62,941","160,400","164,985",0
2016,CLAY,"10,193","1,080",0,1,0,"1,138","1,523",297,783,0,0,0,0,0,1,0,0,0,0,"1,138",0,0,228,"1,295",0,2016,"27,862,596","4,412,556","1,068,798","169,128","464,763","7,831,789","325,385","1,448,876","2,858,268","105,412","159,062","886,039","23,697","112,372","14,830","41,926","56,724","352,080","55,959","5,967,759","1,801,089","62,941","160,400","164,985",0
2016,COCHRAN,"2,882",471,0,65,0,"85,102",419,471,0,0,0,0,0,44,0,21,0,0,0,"85,102",0,0,377,42,0,2016,"27,862,596","4,412,556","1,068,798","169,128","464,763","7,831,789","325,385","1,448,876","2,858,268","105,412","159,062","886,039","23,697","112,372","14,830","41,926","56,724","352,080","55,959","5,967,759","1,801,089","62,941","160,400","164,985",0
2016,COKE,"3,264",488,31,8,0,511,221,92,396,0,31,0,0,0,8,0,0,0,0,511,0,0,172,49,0,2016,"27,862,596","4,412,556","1,068,798","169,128","464,763","7,831,789","325,385","1,448,876","2,858,268","105,412","159,062","886,039","23,697","112,372","14,830","41,926","56,724","352,080","55,959","5,967,759","1,801,089","62,941","160,400","164,985",0
2016,COLEMAN,"8,420","1,789",1,0,0,273,642,8,"1,781",0,0,1,0,0,0,0,0,0,0,38,235,0,19,623,0,2016,"27,862,596","4,412,556","1,068,798","169,128","464,763","7,831,789","325,385","1,448,876","2,858,268","105,412","159,062","886,039","23,697","112,372","14,830","41,926","56,724","352,080","55,959","5,967,759","1,801,089","62,941","160,400","164,985",0
2016,COLLIN,"939,585","193,216","3,199",0,19,"1,560",790,"4,908","188,136",172,278,"2,921",0,0,0,0,0,19,0,644,916,0,40,750,0,2016,"27,862,596","4,412,556","1,068,798","169,128","464,763","7,831,789","325,385","1,448,876","2,858,268","105,412","159,062","886,039","23,697","112,372","14,830","41,926","56,724","352,080","55,959","5,967,759","1,801,089","62,941","160,400","164,985",0
2016,COLLINGSWORTH,"3,016",618,0,0,0,"53,144",385,612,6,0,0,0,0,0,0,0,0,0,0,"53,044",100,0,373,12,0,2016,"27,862,596","4,412,556","1,068,798","169,128","464,763","7,831,789","325,385","1,448,876","2,858,268","105,412","159,062","886,039","23,697","112,372","14,830","41,926","56,724","352,080","55,959","5,967,759","1,801,089","62,941","160,400","164,985",0
2016,COLORADO,"21,019","4,065",539,"4,009",0,"104,470","1,142","4,065",0,0,539,0,0,"2,201","1,808",0,0,0,0,"18,843","85,627",0,457,685,0,2016,"27,862,596","4,412,556","1,068,798","169,128","464,763","7,831,789","325,385","1,448,876","2,858,268","105,412","159,062","886,039","23,697","112,372","14,830","41,926","56,724","352,080","55,959","5,967,759","1,801,089","62,941","160,400","164,985",0
2016,COMAL,"134,788","21,277",434,"6,989",0,853,249,"11,935","8,984",358,165,28,241,"6,989",0,0,0,0,0,353,500,0,75,174,0,2016,"27,862,596","4,412,556","1,068,798","169,128","464,763","7,831,789","325,385","1,448,876","2,858,268","105,412","159,062","886,039","23,697","112,372","14,830","41,926","56,724","352,080","55,959","5,967,759","1,801,089","62,941","160,400","164,985",0
2016,COMANCHE,"13,484","1,799",13,0,0,"23,473","3,221",182,"1,617",0,2,11,0,0,0,0,0,0,0,"20,759","2,714",0,805,"2,416",0,2016,"27,862,596","4,412,556","1,068,798","169,128","464,763","7,831,789","325,385","1,448,876","2,858,268","105,412","159,062","886,039","23,697","112,372","14,830","41,926","56,724","352,080","55,959","5,967,759","1,801,089","62,941","160,400","164,985",0
2016,CONCHO,"4,279",590,0,0,0,"4,622",332,487,42,61,0,0,0,0,0,0,0,0,0,"4,403",219,0,166,166,0,2016,"27,862,596","4,412,556","1,068,798","169,128","464,763","7,831,789","325,385","1,448,876","2,858,268","105,412","159,062","886,039","23,697","112,372","14,830","41,926","56,724","352,080","55,959","5,967,759","1,801,089","62,941","160,400","164,985",0
2016,COOKE,"39,266","4,625",51,0,5,462,"1,516","4,542",83,0,49,2,0,0,0,0,5,0,0,335,127,0,227,"1,289",0,2016,"27,862,596","4,412,556","1,068,798","169,128","464,763","7,831,789","325,385","1,448,876","2,858,268","105,412","159,062","886,039","23,697","112,372","14,830","41,926","56,724","352,080","55,959","5,967,759","1,801,089","62,941","160,400","164,985",0
2016,CORYELL,"74,686","12,627",2,0,0,218,"1,177",467,"11,959",201,0,2,0,0,0,0,0,0,0,204,14,0,177,"1,000",0,2016,"27,862,596","4,412,556","1,068,798","169,128","464,763","7,831,789","325,385","1,448,876","2,858,268","105,412","159,062","886,039","23,697","112,372","14,830","41,926","56,724","352,080","55,959","5,967,759","1,801,089","62,941","160,400","164,985",0
2016,COTTLE,"1,402",334,0,3,0,"4,319",297,322,12,0,0,0,0,2,0,1,0,0,0,"4,319",0,0,208,89,0,2016,"27,862,596","4,412,556","1,068,798","169,128","464,763","7,831,789","325,385","1,448,876","2,858,268","105,412","159,062","886,039","23,697","112,372","14,830","41,926","56,724","352,080","55,959","5,967,759","1,801,089","62,941","160,400","164,985",0
2016,CRANE,"4,830",919,288,43,0,0,65,825,0,94,288,0,0,29,0,14,0,0,0,0,0,0,62,3,0,2016,"27,862,596","4,412,556","1,068,798","169,128","464,763","7,831,789","325,385","1,448,876","2,858,268","105,412","159,062","886,039","23,697","112,372","14,830","41,926","56,724","352,080","55,959","5,967,759","1,801,089","62,941","160,400","164,985",0
2016,CROCKETT,"3,675","1,080",33,"1,550",0,17,449,"1,080",0,0,33,0,0,"1,057",0,493,0,0,0,17,0,0,427,22,0,2016,"27,862,596","4,412,556","1,068,798","169,128","464,763","7,831,789","325,385","1,448,876","2,858,268","105,412","159,062","886,039","23,697","112,372","14,830","41,926","56,724","352,080","55,959","5,967,759","1,801,089","62,941","160,400","164,985",0
2016,CROSBY,"5,992",736,0,"1,813",0,"102,190",162,267,469,0,0,0,0,948,419,446,0,0,0,"101,561",629,0,114,48,0,2016,"27,862,596","4,412,556","1,068,798","169,128","464,763","7,831,789","325,385","1,448,876","2,858,268","105,412","159,062","886,039","23,697","112,372","14,830","41,926","56,724","352,080","55,959","5,967,759","1,801,089","62,941","160,400","164,985",0
2016,CULBERSON,"2,198",785,0,"1,720",0,"35,373",294,706,0,79,0,0,0,344,0,"1,376",0,0,0,"35,373",0,0,279,15,0,2016,"27,862,596","4,412,556","1,068,798","169,128","464,763","7,831,789","325,385","1,448,876","2,858,268","105,412","159,062","886,039","23,697","112,372","14,830","41,926","56,724","352,080","55,959","5,967,759","1,801,089","62,941","160,400","164,985",0
2016,DALLAM,"7,056","1,881",45,0,0,"338,797","8,308","1,881",0,0,45,0,0,0,0,0,0,0,0,"338,797",0,0,"6,646","1,662",0,2016,"27,862,596","4,412,556","1,068,798","169,128","464,763","7,831,789","325,385","1,448,876","2,858,268","105,412","159,062","886,039","23,697","112,372","14,830","41,926","56,724","352,080","55,959","5,967,759","1,801,089","62,941","160,400","164,985",0
2016,DALLAS,"2,574,984","453,791","17,219",76,"1,040","6,939",333,"5,194","448,587",10,674,"15,140","1,405",8,65,3,63,977,0,"3,522","3,405",12,283,50,0,2016,"27,862,596","4,412,556","1,068,798","169,128","464,763","7,831,789","325,385","1,448,876","2,858,268","105,412","159,062","886,039","23,697","112,372","14,830","41,926","56,724","352,080","55,959","5,967,759","1,801,089","62,941","160,400","164,985",0
2016,DAWSON,"13,111","3,175",0,75,0,"65,309",49,785,"1,196","1,194",0,0,0,53,0,22,0,0,0,"64,174",0,"1,135",44,5,0,2016,"27,862,596","4,412,556","1,068,798","169,128","464,763","7,831,789","325,385","1,448,876","2,858,268","105,412","159,062","886,039","23,697","112,372","14,830","41,926","56,724","352,080","55,959","5,967,759","1,801,089","62,941","160,400","164,985",0
2016,DEAF SMITH,"18,830","4,246","1,087",0,0,"187,255","11,223","4,246",0,0,"1,087",0,0,0,0,0,0,0,0,"187,255",0,0,"10,101","1,122",0,2016,"27,862,596","4,412,556","1,068,798","169,128","464,763","7,831,789","325,385","1,448,876","2,858,268","105,412","159,062","886,039","23,697","112,372","14,830","41,926","56,724","352,080","55,959","5,967,759","1,801,089","62,941","160,400","164,985",0
2016,DELTA,"5,215",621,0,0,0,"2,704",679,125,496,0,0,0,0,0,0,0,0,0,0,65,"2,639",0,102,577,0,2016,"27,862,596","4,412,556","1,068,798","169,128","464,763","7,831,789","325,385","1,448,876","2,858,268","105,412","159,062","886,039","23,697","112,372","14,830","41,926","56,724","352,080","55,959","5,967,759","1,801,089","62,941","160,400","164,985",0
2016,DENTON,"806,180","124,001",311,239,68,"3,078",789,"11,712","111,884",405,0,311,0,44,176,19,0,7,61,952,"2,126",0,237,552,0,2016,"27,862,596","4,412,556","1,068,798","169,128","464,763","7,831,789","325,385","1,448,876","2,858,268","105,412","159,062","886,039","23,697","112,372","14,830","41,926","56,724","352,080","55,959","5,967,759","1,801,089","62,941","160,400","164,985",0
2016,DEWITT,"20,865","2,974",162,"4,165",0,405,"1,532","2,973",1,0,162,0,0,"2,999",333,833,0,0,0,405,0,0,919,613,0,2016,"27,862,596","4,412,556","1,068,798","169,128","464,763","7,831,789","325,385","1,448,876","2,858,268","105,412","159,062","886,039","23,697","112,372","14,830","41,926","56,724","352,080","55,959","5,967,759","1,801,089","62,941","160,400","164,985",0
2016,DICKENS,"2,184",301,0,0,0,"8,011",358,84,217,0,0,0,0,0,0,0,0,0,0,"8,011",0,0,233,125,0,2016,"27,862,596","4,412,556","1,068,798","169,128","464,763","7,831,789","325,385","1,448,876","2,858,268","105,412","159,062","886,039","23,697","112,372","14,830","41,926","56,724","352,080","55,959","5,967,759","1,801,089","62,941","160,400","164,985",0
2016,DIMMIT,"10,794","1,969",0,"5,029",0,"3,615",310,"1,969",0,0,0,0,0,"3,621",402,"1,006",0,0,0,"3,022",593,0,155,155,0,2016,"27,862,596","4,412,556","1,068,798","169,128","464,763","7,831,789","325,385","1,448,876","2,858,268","105,412","159,062","886,039","23,697","112,372","14,830","41,926","56,724","352,080","55,959","5,967,759","1,801,089","62,941","160,400","164,985",0
2016,DONLEY,"3,405",371,0,0,0,"29,946",865,78,293,0,0,0,0,0,0,0,0,0,0,"29,946",0,0,692,173,0,2016,"27,862,596","4,412,556","1,068,798","169,128","464,763","7,831,789","325,385","1,448,876","2,858,268","105,412","159,062","886,039","23,697","112,372","14,830","41,926","56,724","352,080","55,959","5,967,759","1,801,089","62,941","160,400","164,985",0
2016,DUVAL,"11,428","1,381",0,4,0,"2,339",592,"1,381",0,0,0,0,0,4,0,0,0,0,0,"2,339",0,0,533,59,0,2016,"27,862,596","4,412,556","1,068,798","169,128","464,763","7,831,789","325,385","1,448,876","2,858,268","105,412","159,062","886,039","23,697","112,372","14,830","41,926","56,724","352,080","55,959","5,967,759","1,801,089","62,941","160,400","164,985",0
2016,EASTLAND,"18,274","2,064",37,127,0,"3,162",803,171,"1,893",0,0,37,0,0,127,0,0,0,0,"2,975",187,0,40,763,0,2016,"27,862,596","4,412,556","1,068,798","169,128","464,763","7,831,789","325,385","1,448,876","2,858,268","105,412","159,062","886,039","23,697","112,372","14,830","41,926","56,724","352,080","55,959","5,967,759","1,801,089","62,941","160,400","164,985",0
2016,ECTOR,"157,462","18,960",355,387,"4,853",804,99,"2,520","16,440",0,262,93,0,267,0,120,"4,837",16,0,184,620,0,89,10,0,2016,"27,862,596","4,412,556","1,068,798","169,128","464,763","7,831,789","325,385","1,448,876","2,858,268","105,412","159,062","886,039","23,697","112,372","14,830","41,926","56,724","352,080","55,959","5,967,759","1,801,089","62,941","160,400","164,985",0
2016,EDWARDS,"1,911",286,0,0,0,262,301,286,0,0,0,0,0,0,0,0,0,0,0,240,22,0,271,30,0,2016,"27,862,596","4,412,556","1,068,798","169,128","464,763","7,831,789","325,385","1,448,876","2,858,268","105,412","159,062","886,039","23,697","112,372","14,830","41,926","56,724","352,080","55,959","5,967,759","1,801,089","62,941","160,400","164,985",0
2016,EL PASO,"837,918","128,004","6,510",0,"6,613","157,003",174,"82,784","40,959","4,261","5,608",902,0,0,0,0,"3,712",0,"2,901","13,485","118,518","25,000",157,17,0,2016,"27,862,596","4,412,556","1,068,798","169,128","464,763","7,831,789","325,385","1,448,876","2,858,268","105,412","159,062","886,039","23,697","112,372","14,830","41,926","56,724","352,080","55,959","5,967,759","1,801,089","62,941","160,400","164,985",0
2016,ELLIS,"168,499","24,089","4,741",0,734,"2,934",934,"6,052","17,395",642,"2,122","2,619",0,0,0,0,0,734,0,"2,934",0,0,19,915,0,2016,"27,862,596","4,412,556","1,068,798","169,128","464,763","7,831,789","325,385","1,448,876","2,858,268","105,412","159,062","886,039","23,697","112,372","14,830","41,926","56,724","352,080","55,959","5,967,759","1,801,089","62,941","160,400","164,985",0
2016,ERATH,"41,659","4,471",60,0,0,"6,390","5,159","4,079",392,0,60,0,0,0,0,0,0,0,0,"6,334",56,0,"1,548","3,611",0,2016,"27,862,596","4,412,556","1,068,798","169,128","464,763","7,831,789","325,385","1,448,876","2,858,268","105,412","159,062","886,039","23,697","112,372","14,830","41,926","56,724","352,080","55,959","5,967,759","1,801,089","62,941","160,400","164,985",0
2016,FALLS,"17,273","3,458",0,0,0,"5,458","1,628","1,331","2,127",0,0,0,0,0,0,0,0,0,0,"5,109",349,0,244,"1,384",0,2016,"27,862,596","4,412,556","1,068,798","169,128","464,763","7,831,789","325,385","1,448,876","2,858,268","105,412","159,062","886,039","23,697","112,372","14,830","41,926","56,724","352,080","55,959","5,967,759","1,801,089","62,941","160,400","164,985",0
2016,FANNIN,"34,031","4,487",0,"2,373",0,"8,507","1,406","2,962","1,525",0,0,0,0,0,"2,373",0,0,0,0,"1,650","6,857",0,"1,266",140,0,2016,"27,862,596","4,412,556","1,068,798","169,128","464,763","7,831,789","325,385","1,448,876","2,858,268","105,412","159,062","886,039","23,697","112,372","14,830","41,926","56,724","352,080","55,959","5,967,759","1,801,089","62,941","160,400","164,985",0
2016,FAYETTE,"25,149","2,683",317,121,"8,494",711,"1,813","2,683",0,0,317,0,0,87,10,24,15,"7,832",647,702,9,0,181,"1,632",0,2016,"27,862,596","4,412,556","1,068,798","169,128","464,763","7,831,789","325,385","1,448,876","2,858,268","105,412","159,062","886,039","23,697","112,372","14,830","41,926","56,724","352,080","55,959","5,967,759","1,801,089","62,941","160,400","164,985",0
2016,FISHER,"3,854",645,157,0,0,"2,965",374,366,279,0,157,0,0,0,0,0,0,0,0,"2,965",0,0,150,224,0,2016,"27,862,596","4,412,556","1,068,798","169,128","464,763","7,831,789","325,385","1,448,876","2,858,268","105,412","159,062","886,039","23,697","112,372","14,830","41,926","56,724","352,080","55,959","5,967,759","1,801,089","62,941","160,400","164,985",0
2016,FLOYD,"5,917",826,0,0,0,"122,844","1,320",566,98,162,0,0,0,0,0,0,0,0,0,"122,682",0,162,"1,122",198,0,2016,"27,862,596","4,412,556","1,068,798","169,128","464,763","7,831,789","325,385","1,448,876","2,858,268","105,412","159,062","886,039","23,697","112,372","14,830","41,926","56,724","352,080","55,959","5,967,759","1,801,089","62,941","160,400","164,985",0
2016,FOARD,"1,183",229,0,0,0,"2,489",250,22,207,0,0,0,0,0,0,0,0,0,0,"2,489",0,0,25,225,0,2016,"27,862,596","4,412,556","1,068,798","169,128","464,763","7,831,789","325,385","1,448,876","2,858,268","105,412","159,062","886,039","23,697","112,372","14,830","41,926","56,724","352,080","55,959","5,967,759","1,801,089","62,941","160,400","164,985",0
2016,FORT BEND,"741,237","114,995","2,350",19,"25,675","24,811",681,"76,109","37,533","1,353","1,819",267,264,19,0,0,"1,505","24,170",0,"12,551","12,069",191,545,136,0,2016,"27,862,596","4,412,556","1,068,798","169,128","464,763","7,831,789","325,385","1,448,876","2,858,268","105,412","159,062","886,039","23,697","112,372","14,830","41,926","56,724","352,080","55,959","5,967,759","1,801,089","62,941","160,400","164,985",0
2016,FRANKLIN,"10,607","1,744",0,0,0,99,"2,872",21,"1,723",0,0,0,0,0,0,0,0,0,0,99,0,0,"1,149","1,723",0,2016,"27,862,596","4,412,556","1,068,798","169,128","464,763","7,831,789","325,385","1,448,876","2,858,268","105,412","159,062","886,039","23,697","112,372","14,830","41,926","56,724","352,080","55,959","5,967,759","1,801,089","62,941","160,400","164,985",0
2016,FREESTONE,"19,624","2,583",31,114,"15,019",341,"1,173","2,543",40,0,31,0,0,112,2,0,137,"14,882",0,341,0,0,117,"1,056",0,2016,"27,862,596","4,412,556","1,068,798","169,128","464,763","7,831,789","325,385","1,448,876","2,858,268","105,412","159,062","886,039","23,697","112,372","14,830","41,926","56,724","352,080","55,959","5,967,759","1,801,089","62,941","160,400","164,985",0
2016,FRIO,"18,956","3,285",0,916,40,"60,913","1,361","3,274",0,11,0,0,0,660,73,183,40,0,0,"60,913",0,0,817,544,0,2016,"27,862,596","4,412,556","1,068,798","169,128","464,763","7,831,789","325,385","1,448,876","2,858,268","105,412","159,062","886,039","23,697","112,372","14,830","41,926","56,724","352,080","55,959","5,967,759","1,801,089","62,941","160,400","164,985",0
2016,GAINES,"20,478","2,683",336,"6,248",0,"325,473",143,"2,683",0,0,336,0,0,"5,124",0,"1,124",0,0,0,"325,473",0,0,129,14,0,2016,"27,862,596","4,412,556","1,068,798","169,128","464,763","7,831,789","325,385","1,448,876","2,858,268","105,412","159,062","886,039","23,697","112,372","14,830","41,926","56,724","352,080","55,959","5,967,759","1,801,089","62,941","160,400","164,985",0
2016,GALVESTON,"329,431","50,974","40,750",122,"2,452","4,874",216,"1,368","48,549","1,057",83,"40,667",0,122,0,0,0,"2,452",0,162,"4,702",10,97,119,0,2016,"27,862,596","4,412,556","1,068,798","169,128","464,763","7,831,789","325,385","1,448,876","2,858,268","105,412","159,062","886,039","23,697","112,372","14,830","41,926","56,724","352,080","55,959","5,967,759","1,801,089","62,941","160,400","164,985",0
2016,GARZA,"6,442",715,0,0,0,"11,801",130,105,610,0,0,0,0,0,0,0,0,0,0,"11,801",0,0,26,104,0,2016,"27,862,596","4,412,556","1,068,798","169,128","464,763","7,831,789","325,385","1,448,876","2,858,268","105,412","159,062","886,039","23,697","112,372","14,830","41,926","56,724","352,080","55,959","5,967,759","1,801,089","62,941","160,400","164,985",0
2016,GILLESPIE,"26,521","3,673",24,4,0,"2,386",838,"3,673",0,0,24,0,0,4,0,0,0,0,0,"2,200",186,0,629,209,0,2016,"27,862,596","4,412,556","1,068,798","169,128","464,763","7,831,789","325,385","1,448,876","2,858,268","105,412","159,062","886,039","23,697","112,372","14,830","41,926","56,724","352,080","55,959","5,967,759","1,801,089","62,941","160,400","164,985",0
2016,GLASSCOCK,"1,314",122,35,"3,852",0,"37,376",111,122,0,0,35,0,0,"2,619",0,"1,233",0,0,0,"37,376",0,0,89,22,0,2016,"27,862,596","4,412,556","1,068,798","169,128","464,763","7,831,789","325,385","1,448,876","2,858,268","105,412","159,062","886,039","23,697","112,372","14,830","41,926","56,724","352,080","55,959","5,967,759","1,801,089","62,941","160,400","164,985",0
2016,GOLIAD,"7,517",797,0,1,"1,264","2,506",762,797,0,0,0,0,0,1,0,0,153,"1,111",0,"2,506",0,0,610,152,0,2016,"27,862,596","4,412,556","1,068,798","169,128","464,763","7,831,789","325,385","1,448,876","2,858,268","105,412","159,062","886,039","23,697","112,372","14,830","41,926","56,724","352,080","55,959","5,967,759","1,801,089","62,941","160,400","164,985",0
2016,GONZALES,"20,876","3,917","1,898","3,589",0,"3,451","9,791","2,615","1,302",0,"1,545",32,321,"2,353",583,653,0,0,0,"2,248",867,336,"7,343","2,448",0,2016,"27,862,596","4,412,556","1,068,798","169,128","464,763","7,831,789","325,385","1,448,876","2,858,268","105,412","159,062","886,039","23,697","112,372","14,830","41,926","56,724","352,080","55,959","5,967,759","1,801,089","62,941","160,400","164,985",0
2016,GRAY,"22,725","3,345",264,0,0,"41,766","2,112",736,"2,339",270,264,0,0,0,0,0,0,0,0,"41,766",0,0,"1,584",528,0,2016,"27,862,596","4,412,556","1,068,798","169,128","464,763","7,831,789","325,385","1,448,876","2,858,268","105,412","159,062","886,039","23,697","112,372","14,830","41,926","56,724","352,080","55,959","5,967,759","1,801,089","62,941","160,400","164,985",0
2016,GRAYSON,"128,235","17,653","1,980",3,"2,134","2,061","1,352","8,410","9,243",0,753,"1,227",0,2,1,0,0,"2,134",0,"1,879",182,0,338,"1,014",0,2016,"27,862,596","4,412,556","1,068,798","169,128","464,763","7,831,789","325,385","1,448,876","2,858,268","105,412","159,062","886,039","23,697","112,372","14,830","41,926","56,724","352,080","55,959","5,967,759","1,801,089","62,941","160,400","164,985",0
2016,GREGG,"123,745","24,564",790,106,361,28,133,"2,946","21,618",0,168,622,0,71,30,5,242,119,0,2,26,0,14,119,0,2016,"27,862,596","4,412,556","1,068,798","169,128","464,763","7,831,789","325,385","1,448,876","2,858,268","105,412","159,062","886,039","23,697","112,372","14,830","41,926","56,724","352,080","55,959","5,967,759","1,801,089","62,941","160,400","164,985",0
2016,GRIMES,"27,671","2,832",156,39,"9,101",376,"1,985","2,832",0,0,156,0,0,28,3,8,1,"9,100",0,376,0,0,596,"1,389",0,2016,"27,862,596","4,412,556","1,068,798","169,128","464,763","7,831,789","325,385","1,448,876","2,858,268","105,412","159,062","886,039","23,697","112,372","14,830","41,926","56,724","352,080","55,959","5,967,759","1,801,089","62,941","160,400","164,985",0
2016,GUADALUPE,"155,265","19,908","2,557",0,"6,422",640,"1,035","11,922","7,966",20,178,"1,845",534,0,0,0,"2,072","3,351",999,517,16,107,519,516,0,2016,"27,862,596","4,412,556","1,068,798","169,128","464,763","7,831,789","325,385","1,448,876","2,858,268","105,412","159,062","886,039","23,697","112,372","14,830","41,926","56,724","352,080","55,959","5,967,759","1,801,089","62,941","160,400","164,985",0
2016,HALE,"34,263","4,366",748,0,5,"289,821","4,241","3,988",378,0,643,105,0,0,0,0,5,0,0,"289,742",79,0,"3,817",424,0,2016,"27,862,596","4,412,556","1,068,798","169,128","464,763","7,831,789","325,385","1,448,876","2,858,268","105,412","159,062","886,039","23,697","112,372","14,830","41,926","56,724","352,080","55,959","5,967,759","1,801,089","62,941","160,400","164,985",0
2016,HALL,"3,138",748,0,0,0,"35,129",269,564,105,79,0,0,0,0,0,0,0,0,0,"35,129",0,0,215,54,0,2016,"27,862,596","4,412,556","1,068,798","169,128","464,763","7,831,789","325,385","1,448,876","2,858,268","105,412","159,062","886,039","23,697","112,372","14,830","41,926","56,724","352,080","55,959","5,967,759","1,801,089","62,941","160,400","164,985",0
2016,HAMILTON,"8,304","1,057",1,0,0,909,"1,337",468,589,0,1,0,0,0,0,0,0,0,0,908,1,0,201,"1,136",0,2016,"27,862,596","4,412,556","1,068,798","169,128","464,763","7,831,789","325,385","1,448,876","2,858,268","105,412","159,062","886,039","23,697","112,372","14,830","41,926","56,724","352,080","55,959","5,967,759","1,801,089","62,941","160,400","164,985",0
2016,HANSFORD,"5,538","1,136",261,32,0,"168,461","5,036","1,136",0,0,261,0,0,13,3,16,0,0,0,"168,461",0,0,"3,525","1,511",0,2016,"27,862,596","4,412,556","1,068,798","169,128","464,763","7,831,789","325,385","1,448,876","2,858,268","105,412","159,062","886,039","23,697","112,372","14,830","41,926","56,724","352,080","55,959","5,967,759","1,801,089","62,941","160,400","164,985",0
2016,HARDEMAN,"3,906",478,204,17,0,"14,178",373,62,416,0,123,80,1,3,13,1,0,0,0,"14,178",0,0,149,224,0,2016,"27,862,596","4,412,556","1,068,798","169,128","464,763","7,831,789","325,385","1,448,876","2,858,268","105,412","159,062","886,039","23,697","112,372","14,830","41,926","56,724","352,080","55,959","5,967,759","1,801,089","62,941","160,400","164,985",0
2016,HARDIN,"56,322","5,528",42,10,1,170,201,"5,528",0,0,42,0,0,7,2,1,1,0,0,76,94,0,50,151,0,2016,"27,862,596","4,412,556","1,068,798","169,128","464,763","7,831,789","325,385","1,448,876","2,858,268","105,412","159,062","886,039","23,697","112,372","14,830","41,926","56,724","352,080","55,959","5,967,759","1,801,089","62,941","160,400","164,985",0
2016,HARRIS,"4,589,928","727,898","290,134",826,"10,214","4,317","1,172","200,844","524,180","2,874","23,761","258,112","8,261",17,809,0,"1,614","8,600",0,"2,271","1,419",627,586,586,0,2016,"27,862,596","4,412,556","1,068,798","169,128","464,763","7,831,789","325,385","1,448,876","2,858,268","105,412","159,062","886,039","23,697","112,372","14,830","41,926","56,724","352,080","55,959","5,967,759","1,801,089","62,941","160,400","164,985",0
2016,HARRISON,"66,534","8,949","17,265",371,"13,103",404,621,"2,915","6,034",0,147,"17,118",0,213,142,16,0,"10,787","2,316",305,99,0,50,571,0,2016,"27,862,596","4,412,556","1,068,798","169,128","464,763","7,831,789","325,385","1,448,876","2,858,268","105,412","159,062","886,039","23,697","112,372","14,830","41,926","56,724","352,080","55,959","5,967,759","1,801,089","62,941","160,400","164,985",0
2016,HARTLEY,"5,747","1,231",0,0,0,"392,870","7,912","1,231",0,0,0,0,0,0,0,0,0,0,0,"392,870",0,0,"5,538","2,374",0,2016,"27,862,596","4,412,556","1,068,798","169,128","464,763","7,831,789","325,385","1,448,876","2,858,268","105,412","159,062","886,039","23,697","112,372","14,830","41,926","56,724","352,080","55,959","5,967,759","1,801,089","62,941","160,400","164,985",0
2016,HASKELL,"5,681",869,2,0,0,"40,872",308,105,764,0,0,2,0,0,0,0,0,0,0,"40,872",0,0,92,216,0,2016,"27,862,596","4,412,556","1,068,798","169,128","464,763","7,831,789","325,385","1,448,876","2,858,268","105,412","159,062","886,039","23,697","112,372","14,830","41,926","56,724","352,080","55,959","5,967,759","1,801,089","62,941","160,400","164,985",0
2016,HAYS,"204,470","24,530",140,264,"1,699",448,"3,190","10,441","13,547",542,139,1,0,264,0,0,0,"1,390",309,423,25,0,89,"3,101",0,2016,"27,862,596","4,412,556","1,068,798","169,128","464,763","7,831,789","325,385","1,448,876","2,858,268","105,412","159,062","886,039","23,697","112,372","14,830","41,926","56,724","352,080","55,959","5,967,759","1,801,089","62,941","160,400","164,985",0
2016,HEMPHILL,"4,129",778,5,428,0,"5,691","1,238",778,0,0,5,0,0,171,43,214,0,0,0,"5,691",0,0,"1,052",186,0,2016,"27,862,596","4,412,556","1,068,798","169,128","464,763","7,831,789","325,385","1,448,876","2,858,268","105,412","159,062","886,039","23,697","112,372","14,830","41,926","56,724","352,080","55,959","5,967,759","1,801,089","62,941","160,400","164,985",0
2016,HENDERSON,"79,901","10,117",819,173,53,905,"3,784","4,768","5,333",16,146,672,1,160,9,4,0,53,0,770,135,0,481,"3,303",0,2016,"27,862,596","4,412,556","1,068,798","169,128","464,763","7,831,789","325,385","1,448,876","2,858,268","105,412","159,062","886,039","23,697","112,372","14,830","41,926","56,724","352,080","55,959","5,967,759","1,801,089","62,941","160,400","164,985",0
2016,HIDALGO,"849,843","130,430","3,564",633,"8,653","493,801",727,"13,035","114,579","2,816",0,"3,564",0,632,1,0,"1,188","4,279","3,186",97,"493,704",0,291,436,0,2016,"27,862,596","4,412,556","1,068,798","169,128","464,763","7,831,789","325,385","1,448,876","2,858,268","105,412","159,062","886,039","23,697","112,372","14,830","41,926","56,724","352,080","55,959","5,967,759","1,801,089","62,941","160,400","164,985",0
2016,HILL,"35,077","5,956",0,2,0,946,"1,110","3,685","2,271",0,0,0,0,2,0,0,0,0,0,226,720,0,55,"1,055",0,2016,"27,862,596","4,412,556","1,068,798","169,128","464,763","7,831,789","325,385","1,448,876","2,858,268","105,412","159,062","886,039","23,697","112,372","14,830","41,926","56,724","352,080","55,959","5,967,759","1,801,089","62,941","160,400","164,985",0
2016,HOCKLEY,"23,275","4,330",574,65,0,"137,475",391,"1,310","1,631","1,389",569,5,0,44,0,21,0,0,0,"136,626",0,849,352,39,0,2016,"27,862,596","4,412,556","1,068,798","169,128","464,763","7,831,789","325,385","1,448,876","2,858,268","105,412","159,062","886,039","23,697","112,372","14,830","41,926","56,724","352,080","55,959","5,967,759","1,801,089","62,941","160,400","164,985",0
2016,HOOD,"56,857","7,443",10,193,"1,844","6,291",491,"5,982","1,461",0,10,0,0,9,180,4,26,"1,818",0,"1,932","4,359",0,221,270,0,2016,"27,862,596","4,412,556","1,068,798","169,128","464,763","7,831,789","325,385","1,448,876","2,858,268","105,412","159,062","886,039","23,697","112,372","14,830","41,926","56,724","352,080","55,959","5,967,759","1,801,089","62,941","160,400","164,985",0
2016,HOPKINS,"36,400","5,260",904,0,0,"2,591","5,614","1,460","3,800",0,0,904,0,0,0,0,0,0,0,576,"2,015",0,"2,807","2,807",0,2016,"27,862,596","4,412,556","1,068,798","169,128","464,763","7,831,789","325,385","1,448,876","2,858,268","105,412","159,062","886,039","23,697","112,372","14,830","41,926","56,724","352,080","55,959","5,967,759","1,801,089","62,941","160,400","164,985",0
2016,HOUSTON,"22,754","4,386",148,21,0,"1,376","1,411","3,292","1,094",0,7,141,0,14,6,1,0,0,0,336,"1,040",0,141,"1,270",0,2016,"27,862,596","4,412,556","1,068,798","169,128","464,763","7,831,789","325,385","1,448,876","2,858,268","105,412","159,062","886,039","23,697","112,372","14,830","41,926","56,724","352,080","55,959","5,967,759","1,801,089","62,941","160,400","164,985",0
2016,HOWARD,"36,708","5,076","2,569","4,894",331,"3,662",220,881,"3,877",318,385,"2,184",0,"3,328",0,"1,566",174,157,0,"3,662",0,0,187,33,0,2016,"27,862,596","4,412,556","1,068,798","169,128","464,763","7,831,789","325,385","1,448,876","2,858,268","105,412","159,062","886,039","23,697","112,372","14,830","41,926","56,724","352,080","55,959","5,967,759","1,801,089","62,941","160,400","164,985",0
2016,HUDSPETH,"4,053",645,0,21,0,"77,589",423,645,0,0,0,0,0,21,0,0,0,0,0,"70,289","7,300",0,360,63,0,2016,"27,862,596","4,412,556","1,068,798","169,128","464,763","7,831,789","325,385","1,448,876","2,858,268","105,412","159,062","886,039","23,697","112,372","14,830","41,926","56,724","352,080","55,959","5,967,759","1,801,089","62,941","160,400","164,985",0
2016,HUNT,"92,073","11,975",285,0,191,232,"1,223","1,972","9,822",181,0,285,0,0,0,0,0,191,0,185,47,0,0,"1,223",0,2016,"27,862,596","4,412,556","1,068,798","169,128","464,763","7,831,789","325,385","1,448,876","2,858,268","105,412","159,062","886,039","23,697","112,372","14,830","41,926","56,724","352,080","55,959","5,967,759","1,801,089","62,941","160,400","164,985",0
2016,HUTCHINSON,"21,511","6,301","11,008",86,0,"64,479",372,"6,079",222,0,"9,785",0,"1,223",86,0,0,0,0,0,"64,204",275,0,279,93,0,2016,"27,862,596","4,412,556","1,068,798","169,128","464,763","7,831,789","325,385","1,448,876","2,858,268","105,412","159,062","886,039","23,697","112,372","14,830","41,926","56,724","352,080","55,959","5,967,759","1,801,089","62,941","160,400","164,985",0
2016,IRION,"1,557",148,5,"1,606",0,910,202,148,0,0,5,0,0,"1,092",0,514,0,0,0,146,764,0,162,40,0,2016,"27,862,596","4,412,556","1,068,798","169,128","464,763","7,831,789","325,385","1,448,876","2,858,268","105,412","159,062","886,039","23,697","112,372","14,830","41,926","56,724","352,080","55,959","5,967,759","1,801,089","62,941","160,400","164,985",0
2016,JACK,"8,744",942,0,39,"3,772",68,700,285,657,0,0,0,0,7,29,3,2,"3,770",0,18,50,0,105,595,0,2016,"27,862,596","4,412,556","1,068,798","169,128","464,763","7,831,789","325,385","1,448,876","2,858,268","105,412","159,062","886,039","23,697","112,372","14,830","41,926","56,724","352,080","55,959","5,967,759","1,801,089","62,941","160,400","164,985",0
2016,JACKSON,"14,869","1,316",519,0,0,"56,573",825,"1,316",0,0,55,464,0,0,0,0,0,0,0,"55,659",914,0,536,289,0,2016,"27,862,596","4,412,556","1,068,798","169,128","464,763","7,831,789","325,385","1,448,876","2,858,268","105,412","159,062","886,039","23,697","112,372","14,830","41,926","56,724","352,080","55,959","5,967,759","1,801,089","62,941","160,400","164,985",0
2016,JASPER,"35,648","4,469","52,020",0,0,655,533,"3,949",520,0,"46,057","5,963",0,0,0,0,0,0,0,33,622,0,108,425,0,2016,"27,862,596","4,412,556","1,068,798","169,128","464,763","7,831,789","325,385","1,448,876","2,858,268","105,412","159,062","886,039","23,697","112,372","14,830","41,926","56,724","352,080","55,959","5,967,759","1,801,089","62,941","160,400","164,985",0
2016,JEFF DAVIS,"2,200","1,123",0,0,0,705,314,"1,123",0,0,0,0,0,0,0,0,0,0,0,620,85,0,298,16,0,2016,"27,862,596","4,412,556","1,068,798","169,128","464,763","7,831,789","325,385","1,448,876","2,858,268","105,412","159,062","886,039","23,697","112,372","14,830","41,926","56,724","352,080","55,959","5,967,759","1,801,089","62,941","160,400","164,985",0
2016,JEFFERSON,"254,679","46,161","125,826",18,211,"57,831",797,"9,821","36,340",0,65,"125,603",158,18,0,0,0,211,0,331,"57,500",0,159,638,0,2016,"27,862,596","4,412,556","1,068,798","169,128","464,763","7,831,789","325,385","1,448,876","2,858,268","105,412","159,062","886,039","23,697","112,372","14,830","41,926","56,724","352,080","55,959","5,967,759","1,801,089","62,941","160,400","164,985",0
2016,JIM HOGG,"5,146",710,36,31,0,160,449,710,0,0,36,0,0,31,0,0,0,0,0,160,0,0,404,45,0,2016,"27,862,596","4,412,556","1,068,798","169,128","464,763","7,831,789","325,385","1,448,876","2,858,268","105,412","159,062","886,039","23,697","112,372","14,830","41,926","56,724","352,080","55,959","5,967,759","1,801,089","62,941","160,400","164,985",0
2016,JIM WELLS,"41,149","5,433",47,0,0,"1,286",798,"1,484","3,726",223,47,0,0,0,0,0,0,0,0,"1,222",64,0,479,319,0,2016,"27,862,596","4,412,556","1,068,798","169,128","464,763","7,831,789","325,385","1,448,876","2,858,268","105,412","159,062","886,039","23,697","112,372","14,830","41,926","56,724","352,080","55,959","5,967,759","1,801,089","62,941","160,400","164,985",0
2016,JOHNSON,"163,274","19,695","1,748",9,679,552,"1,651","5,863","13,437",395,959,789,0,9,0,0,0,264,415,84,468,0,495,"1,156",0,2016,"27,862,596","4,412,556","1,068,798","169,128","464,763","7,831,789","325,385","1,448,876","2,858,268","105,412","159,062","886,039","23,697","112,372","14,830","41,926","56,724","352,080","55,959","5,967,759","1,801,089","62,941","160,400","164,985",0
2016,JONES,"20,009","2,519",0,0,0,"2,464",508,973,"1,543",3,0,0,0,0,0,0,0,0,0,"2,207",251,6,178,330,0,2016,"27,862,596","4,412,556","1,068,798","169,128","464,763","7,831,789","325,385","1,448,876","2,858,268","105,412","159,062","886,039","23,697","112,372","14,830","41,926","56,724","352,080","55,959","5,967,759","1,801,089","62,941","160,400","164,985",0
2016,KARNES,"15,254","3,826",50,"8,196",0,721,809,"3,791",0,35,50,0,0,"5,903",655,"1,638",0,0,0,563,158,0,445,364,0,2016,"27,862,596","4,412,556","1,068,798","169,128","464,763","7,831,789","325,385","1,448,876","2,858,268","105,412","159,062","886,039","23,697","112,372","14,830","41,926","56,724","352,080","55,959","5,967,759","1,801,089","62,941","160,400","164,985",0
2016,KAUFMAN,"118,350","13,209",910,0,"9,309",392,"1,336",411,"12,776",22,819,91,0,0,0,0,0,15,"9,294",63,329,0,67,"1,269",0,2016,"27,862,596","4,412,556","1,068,798","169,128","464,763","7,831,789","325,385","1,448,876","2,858,268","105,412","159,062","886,039","23,697","112,372","14,830","41,926","56,724","352,080","55,959","5,967,759","1,801,089","62,941","160,400","164,985",0
2016,KENDALL,"42,540","6,563",3,0,0,372,363,"3,698","2,370",495,3,0,0,0,0,0,0,0,0,181,191,0,308,55,0,2016,"27,862,596","4,412,556","1,068,798","169,128","464,763","7,831,789","325,385","1,448,876","2,858,268","105,412","159,062","886,039","23,697","112,372","14,830","41,926","56,724","352,080","55,959","5,967,759","1,801,089","62,941","160,400","164,985",0
2016,KENEDY,404,76,0,0,0,0,638,76,0,0,0,0,0,0,0,0,0,0,0,0,0,0,606,32,0,2016,"27,862,596","4,412,556","1,068,798","169,128","464,763","7,831,789","325,385","1,448,876","2,858,268","105,412","159,062","886,039","23,697","112,372","14,830","41,926","56,724","352,080","55,959","5,967,759","1,801,089","62,941","160,400","164,985",0
2016,KENT,769,104,0,0,0,758,236,104,0,0,0,0,0,0,0,0,0,0,0,745,13,0,212,24,0,2016,"27,862,596","4,412,556","1,068,798","169,128","464,763","7,831,789","325,385","1,448,876","2,858,268","105,412","159,062","886,039","23,697","112,372","14,830","41,926","56,724","352,080","55,959","5,967,759","1,801,089","62,941","160,400","164,985",0
2016,KERR,"51,504","8,579",11,185,0,690,523,"3,835","4,275",469,1,10,0,39,146,0,0,0,0,397,293,0,230,293,0,2016,"27,862,596","4,412,556","1,068,798","169,128","464,763","7,831,789","325,385","1,448,876","2,858,268","105,412","159,062","886,039","23,697","112,372","14,830","41,926","56,724","352,080","55,959","5,967,759","1,801,089","62,941","160,400","164,985",0
2016,KIMBLE,"4,423",562,546,0,0,"2,376",224,54,508,0,2,544,0,0,0,0,0,0,0,344,"2,032",0,157,67,0,2016,"27,862,596","4,412,556","1,068,798","169,128","464,763","7,831,789","325,385","1,448,876","2,858,268","105,412","159,062","886,039","23,697","112,372","14,830","41,926","56,724","352,080","55,959","5,967,759","1,801,089","62,941","160,400","164,985",0
2016,KING,289,111,0,46,0,0,156,111,0,0,0,0,0,31,0,15,0,0,0,0,0,0,109,47,0,2016,"27,862,596","4,412,556","1,068,798","169,128","464,763","7,831,789","325,385","1,448,876","2,858,268","105,412","159,062","886,039","23,697","112,372","14,830","41,926","56,724","352,080","55,959","5,967,759","1,801,089","62,941","160,400","164,985",0
2016,KINNEY,"3,590",978,0,0,0,"3,195",214,978,0,0,0,0,0,0,0,0,0,0,0,"3,195",0,0,171,43,0,2016,"27,862,596","4,412,556","1,068,798","169,128","464,763","7,831,789","325,385","1,448,876","2,858,268","105,412","159,062","886,039","23,697","112,372","14,830","41,926","56,724","352,080","55,959","5,967,759","1,801,089","62,941","160,400","164,985",0
2016,KLEBERG,"31,690","4,540",257,14,0,138,604,"3,902",638,0,257,0,0,14,0,0,0,0,0,138,0,0,574,30,0,2016,"27,862,596","4,412,556","1,068,798","169,128","464,763","7,831,789","325,385","1,448,876","2,858,268","105,412","159,062","886,039","23,697","112,372","14,830","41,926","56,724","352,080","55,959","5,967,759","1,801,089","62,941","160,400","164,985",0
2016,KNOX,"3,806",636,0,3,0,"28,460",637,185,451,0,0,0,0,2,1,0,0,0,0,"28,460",0,0,128,509,0,2016,"27,862,596","4,412,556","1,068,798","169,128","464,763","7,831,789","325,385","1,448,876","2,858,268","105,412","159,062","886,039","23,697","112,372","14,830","41,926","56,724","352,080","55,959","5,967,759","1,801,089","62,941","160,400","164,985",0
2016,LA SALLE,"7,613","1,941",0,"5,079",0,"2,864",424,"1,941",0,0,0,0,0,"3,657",406,"1,016",0,0,0,"2,864",0,0,212,212,0,2016,"27,862,596","4,412,556","1,068,798","169,128","464,763","7,831,789","325,385","1,448,876","2,858,268","105,412","159,062","886,039","23,697","112,372","14,830","41,926","56,724","352,080","55,959","5,967,759","1,801,089","62,941","160,400","164,985",0
2016,LAMAR,"49,791","5,866","4,662",0,"4,708","7,632","1,587",121,"5,735",10,0,"4,662",0,0,0,0,0,"4,708",0,"5,667","1,965",0,238,"1,349",0,2016,"27,862,596","4,412,556","1,068,798","169,128","464,763","7,831,789","325,385","1,448,876","2,858,268","105,412","159,062","886,039","23,697","112,372","14,830","41,926","56,724","352,080","55,959","5,967,759","1,801,089","62,941","160,400","164,985",0
2016,LAMB,"13,275","2,066",0,0,"10,535","224,861","5,609","1,716",0,350,0,0,0,0,0,0,"9,834",0,701,"224,511",0,350,"5,329",280,0,2016,"27,862,596","4,412,556","1,068,798","169,128","464,763","7,831,789","325,385","1,448,876","2,858,268","105,412","159,062","886,039","23,697","112,372","14,830","41,926","56,724","352,080","55,959","5,967,759","1,801,089","62,941","160,400","164,985",0
2016,LAMPASAS,"20,760","3,452",36,37,0,660,487,124,"3,326",2,0,36,0,0,37,0,0,0,0,98,562,0,170,317,0,2016,"27,862,596","4,412,556","1,068,798","169,128","464,763","7,831,789","325,385","1,448,876","2,858,268","105,412","159,062","886,039","23,697","112,372","14,830","41,926","56,724","352,080","55,959","5,967,759","1,801,089","62,941","160,400","164,985",0
2016,LAVACA,"19,809","2,404",472,373,0,"6,717","2,469","2,404",0,0,472,0,0,269,30,74,0,0,0,"6,078",639,0,"1,852",617,0,2016,"27,862,596","4,412,556","1,068,798","169,128","464,763","7,831,789","325,385","1,448,876","2,858,268","105,412","159,062","886,039","23,697","112,372","14,830","41,926","56,724","352,080","55,959","5,967,759","1,801,089","62,941","160,400","164,985",0
2016,LEE,"17,055","2,168",6,577,0,519,"1,094","2,168",0,0,6,0,0,571,2,4,0,0,0,519,0,0,328,766,0,2016,"27,862,596","4,412,556","1,068,798","169,128","464,763","7,831,789","325,385","1,448,876","2,858,268","105,412","159,062","886,039","23,697","112,372","14,830","41,926","56,724","352,080","55,959","5,967,759","1,801,089","62,941","160,400","164,985",0
2016,LEON,"17,299","2,455",669,231,0,321,"3,041","2,455",0,0,626,0,43,38,190,3,0,0,0,321,0,0,152,"2,889",0,2016,"27,862,596","4,412,556","1,068,798","169,128","464,763","7,831,789","325,385","1,448,876","2,858,268","105,412","159,062","886,039","23,697","112,372","14,830","41,926","56,724","352,080","55,959","5,967,759","1,801,089","62,941","160,400","164,985",0
2016,LIBERTY,"81,704","9,141",155,0,0,"13,353",972,"9,141",0,0,155,0,0,0,0,0,0,0,0,319,"13,034",0,0,972,0,2016,"27,862,596","4,412,556","1,068,798","169,128","464,763","7,831,789","325,385","1,448,876","2,858,268","105,412","159,062","886,039","23,697","112,372","14,830","41,926","56,724","352,080","55,959","5,967,759","1,801,089","62,941","160,400","164,985",0
2016,LIMESTONE,"23,468","2,437",23,"1,411","15,636",0,"1,859","1,784",653,0,15,8,0,"1,134",277,0,629,"15,007",0,0,0,0,19,"1,840",0,2016,"27,862,596","4,412,556","1,068,798","169,128","464,763","7,831,789","325,385","1,448,876","2,858,268","105,412","159,062","886,039","23,697","112,372","14,830","41,926","56,724","352,080","55,959","5,967,759","1,801,089","62,941","160,400","164,985",0
2016,LIPSCOMB,"3,487",655,314,216,0,"42,592",670,655,0,0,314,0,0,86,22,108,0,0,0,"42,592",0,0,603,67,0,2016,"27,862,596","4,412,556","1,068,798","169,128","464,763","7,831,789","325,385","1,448,876","2,858,268","105,412","159,062","886,039","23,697","112,372","14,830","41,926","56,724","352,080","55,959","5,967,759","1,801,089","62,941","160,400","164,985",0
2016,LIVE OAK,"12,056","1,804","2,279",824,0,"1,064",656,905,842,57,947,"1,332",0,593,66,165,0,0,0,695,369,0,459,197,0,2016,"27,862,596","4,412,556","1,068,798","169,128","464,763","7,831,789","325,385","1,448,876","2,858,268","105,412","159,062","886,039","23,697","112,372","14,830","41,926","56,724","352,080","55,959","5,967,759","1,801,089","62,941","160,400","164,985",0
2016,LLANO,"20,362","4,318",1,0,"1,927",683,612,498,"3,310",510,1,0,0,0,0,0,0,"1,927",0,557,126,0,337,275,0,2016,"27,862,596","4,412,556","1,068,798","169,128","464,763","7,831,789","325,385","1,448,876","2,858,268","105,412","159,062","886,039","23,697","112,372","14,830","41,926","56,724","352,080","55,959","5,967,759","1,801,089","62,941","160,400","164,985",0
2016,LOVING,113,23,0,"5,948",0,0,35,23,0,0,0,0,0,"1,190",0,"4,758",0,0,0,0,0,0,34,1,0,2016,"27,862,596","4,412,556","1,068,798","169,128","464,763","7,831,789","325,385","1,448,876","2,858,268","105,412","159,062","886,039","23,697","112,372","14,830","41,926","56,724","352,080","55,959","5,967,759","1,801,089","62,941","160,400","164,985",0
2016,LUBBOCK,"303,137","56,884",940,0,"2,797","144,727",615,"31,431","12,603","12,850",372,568,0,0,0,0,165,163,"2,469","135,927",263,"8,537",603,12,0,2016,"27,862,596","4,412,556","1,068,798","169,128","464,763","7,831,789","325,385","1,448,876","2,858,268","105,412","159,062","886,039","23,697","112,372","14,830","41,926","56,724","352,080","55,959","5,967,759","1,801,089","62,941","160,400","164,985",0
2016,LYNN,"5,711",771,0,0,0,"94,508",75,706,65,0,0,0,0,0,0,0,0,0,0,"90,708",0,"3,800",64,11,0,2016,"27,862,596","4,412,556","1,068,798","169,128","464,763","7,831,789","325,385","1,448,876","2,858,268","105,412","159,062","886,039","23,697","112,372","14,830","41,926","56,724","352,080","55,959","5,967,759","1,801,089","62,941","160,400","164,985",0
2016,MADISON,"13,987","3,121",0,250,0,98,"1,429","3,121",0,0,0,0,0,180,20,50,0,0,0,98,0,0,143,"1,286",0,2016,"27,862,596","4,412,556","1,068,798","169,128","464,763","7,831,789","325,385","1,448,876","2,858,268","105,412","159,062","886,039","23,697","112,372","14,830","41,926","56,724","352,080","55,959","5,967,759","1,801,089","62,941","160,400","164,985",0
2016,MARION,"10,147","1,053",18,11,"1,992",0,188,495,558,0,18,0,0,7,3,1,41,"1,951",0,0,0,0,9,179,0,2016,"27,862,596","4,412,556","1,068,798","169,128","464,763","7,831,789","325,385","1,448,876","2,858,268","105,412","159,062","886,039","23,697","112,372","14,830","41,926","56,724","352,080","55,959","5,967,759","1,801,089","62,941","160,400","164,985",0
2016,MARTIN,"5,723",669,0,"6,629",0,"28,245",86,350,319,0,0,0,0,"4,509",0,"2,120",0,0,0,"28,245",0,0,60,26,0,2016,"27,862,596","4,412,556","1,068,798","169,128","464,763","7,831,789","325,385","1,448,876","2,858,268","105,412","159,062","886,039","23,697","112,372","14,830","41,926","56,724","352,080","55,959","5,967,759","1,801,089","62,941","160,400","164,985",0
2016,MASON,"4,111",639,0,187,0,"4,894",679,639,0,0,0,0,0,187,0,0,0,0,0,"4,791",103,0,509,170,0,2016,"27,862,596","4,412,556","1,068,798","169,128","464,763","7,831,789","325,385","1,448,876","2,858,268","105,412","159,062","886,039","23,697","112,372","14,830","41,926","56,724","352,080","55,959","5,967,759","1,801,089","62,941","160,400","164,985",0
2016,MATAGORDA,"37,187","11,805","4,392",0,"16,715","107,370",980,"5,282","6,523",0,"1,576","2,816",0,0,0,0,"1,294","15,421",0,"22,228","85,142",0,637,343,0,2016,"27,862,596","4,412,556","1,068,798","169,128","464,763","7,831,789","325,385","1,448,876","2,858,268","105,412","159,062","886,039","23,697","112,372","14,830","41,926","56,724","352,080","55,959","5,967,759","1,801,089","62,941","160,400","164,985",0
2016,MAVERICK,"57,685","9,786",17,14,0,"38,195",502,"1,191","8,276",319,7,10,0,10,1,3,0,0,0,77,"37,993",125,351,151,0,2016,"27,862,596","4,412,556","1,068,798","169,128","464,763","7,831,789","325,385","1,448,876","2,858,268","105,412","159,062","886,039","23,697","112,372","14,830","41,926","56,724","352,080","55,959","5,967,759","1,801,089","62,941","160,400","164,985",0
2016,MCCULLOCH,"8,172","1,307",72,"5,048",0,"1,168",485,"1,289",18,0,72,0,0,"5,048",0,0,0,0,0,873,295,0,388,97,0,2016,"27,862,596","4,412,556","1,068,798","169,128","464,763","7,831,789","325,385","1,448,876","2,858,268","105,412","159,062","886,039","23,697","112,372","14,830","41,926","56,724","352,080","55,959","5,967,759","1,801,089","62,941","160,400","164,985",0
2016,MCLENNAN,"247,934","57,504","3,830",0,0,"4,287","1,918","12,098","38,396","7,010","1,657","2,149",24,0,0,0,0,0,0,"1,073","3,214",0,288,"1,630",0,2016,"27,862,596","4,412,556","1,068,798","169,128","464,763","7,831,789","325,385","1,448,876","2,858,268","105,412","159,062","886,039","23,697","112,372","14,830","41,926","56,724","352,080","55,959","5,967,759","1,801,089","62,941","160,400","164,985",0
2016,MCMULLEN,804,142,200,"3,846",0,0,278,142,0,0,200,0,0,"2,769",308,769,0,0,0,0,0,0,56,222,0,2016,"27,862,596","4,412,556","1,068,798","169,128","464,763","7,831,789","325,385","1,448,876","2,858,268","105,412","159,062","886,039","23,697","112,372","14,830","41,926","56,724","352,080","55,959","5,967,759","1,801,089","62,941","160,400","164,985",0
2016,MEDINA,"49,283","9,762",10,7,0,"46,526",860,"9,127",80,555,10,0,0,7,0,0,0,0,0,"29,540","16,758",228,774,86,0,2016,"27,862,596","4,412,556","1,068,798","169,128","464,763","7,831,789","325,385","1,448,876","2,858,268","105,412","159,062","886,039","23,697","112,372","14,830","41,926","56,724","352,080","55,959","5,967,759","1,801,089","62,941","160,400","164,985",0
2016,MENARD,"2,123",274,0,0,0,"3,738",300,26,248,0,0,0,0,0,0,0,0,0,0,382,"3,356",0,255,45,0,2016,"27,862,596","4,412,556","1,068,798","169,128","464,763","7,831,789","325,385","1,448,876","2,858,268","105,412","159,062","886,039","23,697","112,372","14,830","41,926","56,724","352,080","55,959","5,967,759","1,801,089","62,941","160,400","164,985",0
2016,MIDLAND,"162,565","34,391",232,"17,958",0,"19,322",271,"9,445","14,444","10,502",227,5,0,"12,313",0,"5,645",0,0,0,"9,345",0,"9,977",268,3,0,2016,"27,862,596","4,412,556","1,068,798","169,128","464,763","7,831,789","325,385","1,448,876","2,858,268","105,412","159,062","886,039","23,697","112,372","14,830","41,926","56,724","352,080","55,959","5,967,759","1,801,089","62,941","160,400","164,985",0
2016,MILAM,"24,871","4,341",0,28,"21,071","4,414","2,611","3,040","1,301",0,0,0,0,20,2,6,"6,418","14,653",0,"4,281",133,0,783,"1,828",0,2016,"27,862,596","4,412,556","1,068,798","169,128","464,763","7,831,789","325,385","1,448,876","2,858,268","105,412","159,062","886,039","23,697","112,372","14,830","41,926","56,724","352,080","55,959","5,967,759","1,801,089","62,941","160,400","164,985",0
2016,MILLS,"4,907",542,1,0,0,"4,622",796,245,297,0,0,1,0,0,0,0,0,0,0,"1,705","2,917",0,318,478,0,2016,"27,862,596","4,412,556","1,068,798","169,128","464,763","7,831,789","325,385","1,448,876","2,858,268","105,412","159,062","886,039","23,697","112,372","14,830","41,926","56,724","352,080","55,959","5,967,759","1,801,089","62,941","160,400","164,985",0
2016,MITCHELL,"8,720","1,352",2,0,"3,180","11,943",355,"1,352",0,0,2,0,0,0,0,0,5,"3,175",0,"11,943",0,0,89,266,0,2016,"27,862,596","4,412,556","1,068,798","169,128","464,763","7,831,789","325,385","1,448,876","2,858,268","105,412","159,062","886,039","23,697","112,372","14,830","41,926","56,724","352,080","55,959","5,967,759","1,801,089","62,941","160,400","164,985",0
2016,MONTAGUE,"19,414","2,290",0,34,0,342,"1,291",885,"1,393",12,0,0,0,6,25,3,0,0,0,332,10,0,64,"1,227",0,2016,"27,862,596","4,412,556","1,068,798","169,128","464,763","7,831,789","325,385","1,448,876","2,858,268","105,412","159,062","886,039","23,697","112,372","14,830","41,926","56,724","352,080","55,959","5,967,759","1,801,089","62,941","160,400","164,985",0
2016,MONTGOMERY,"556,203","75,190",633,0,"3,982","2,417",496,"67,253","7,667",270,633,0,0,0,0,0,385,"3,597",0,"1,048","1,369",0,471,25,0,2016,"27,862,596","4,412,556","1,068,798","169,128","464,763","7,831,789","325,385","1,448,876","2,858,268","105,412","159,062","886,039","23,697","112,372","14,830","41,926","56,724","352,080","55,959","5,967,759","1,801,089","62,941","160,400","164,985",0
2016,MOORE,"22,120","4,727","9,242",2,0,"185,683","3,622","4,198",0,529,"8,865",0,377,1,0,1,0,0,0,"185,153",0,530,"3,079",543,0,2016,"27,862,596","4,412,556","1,068,798","169,128","464,763","7,831,789","325,385","1,448,876","2,858,268","105,412","159,062","886,039","23,697","112,372","14,830","41,926","56,724","352,080","55,959","5,967,759","1,801,089","62,941","160,400","164,985",0
2016,MORRIS,"12,593","2,023",462,0,5,8,"1,622","1,197",826,0,11,451,0,0,0,0,0,5,0,8,0,0,162,"1,460",0,2016,"27,862,596","4,412,556","1,068,798","169,128","464,763","7,831,789","325,385","1,448,876","2,858,268","105,412","159,062","886,039","23,697","112,372","14,830","41,926","56,724","352,080","55,959","5,967,759","1,801,089","62,941","160,400","164,985",0
2016,MOTLEY,"1,160",229,0,0,0,"9,337",307,214,15,0,0,0,0,0,0,0,0,0,0,"9,337",0,0,230,77,0,2016,"27,862,596","4,412,556","1,068,798","169,128","464,763","7,831,789","325,385","1,448,876","2,858,268","105,412","159,062","886,039","23,697","112,372","14,830","41,926","56,724","352,080","55,959","5,967,759","1,801,089","62,941","160,400","164,985",0
2016,NACOGDOCHES,"65,806","10,273","2,616",72,248,127,"10,110","5,178","5,095",0,99,"2,517",0,48,20,4,0,248,0,102,25,0,"1,011","9,099",0,2016,"27,862,596","4,412,556","1,068,798","169,128","464,763","7,831,789","325,385","1,448,876","2,858,268","105,412","159,062","886,039","23,697","112,372","14,830","41,926","56,724","352,080","55,959","5,967,759","1,801,089","62,941","160,400","164,985",0
2016,NAVARRO,"48,523","7,334",638,606,0,"2,016","1,473",252,"7,082",0,0,638,0,26,579,1,0,0,0,16,"2,000",0,74,"1,399",0,2016,"27,862,596","4,412,556","1,068,798","169,128","464,763","7,831,789","325,385","1,448,876","2,858,268","105,412","159,062","886,039","23,697","112,372","14,830","41,926","56,724","352,080","55,959","5,967,759","1,801,089","62,941","160,400","164,985",0
2016,NEWTON,"14,003","1,593",0,0,"3,893",42,114,"1,593",0,0,0,0,0,0,0,0,0,"3,893",0,42,0,0,40,74,0,2016,"27,862,596","4,412,556","1,068,798","169,128","464,763","7,831,789","325,385","1,448,876","2,858,268","105,412","159,062","886,039","23,697","112,372","14,830","41,926","56,724","352,080","55,959","5,967,759","1,801,089","62,941","160,400","164,985",0
2016,NOLAN,"14,993","1,819",451,9,0,"12,238",256,"1,244",434,141,292,159,0,6,0,3,0,0,0,"11,839",258,141,153,103,0,2016,"27,862,596","4,412,556","1,068,798","169,128","464,763","7,831,789","325,385","1,448,876","2,858,268","105,412","159,062","886,039","23,697","112,372","14,830","41,926","56,724","352,080","55,959","5,967,759","1,801,089","62,941","160,400","164,985",0
2016,NUECES,"361,350","62,350","33,692",809,"1,920",493,250,"1,511","60,741",98,"2,695","30,088",909,807,2,0,0,"1,920",0,493,0,0,240,10,0,2016,"27,862,596","4,412,556","1,068,798","169,128","464,763","7,831,789","325,385","1,448,876","2,858,268","105,412","159,062","886,039","23,697","112,372","14,830","41,926","56,724","352,080","55,959","5,967,759","1,801,089","62,941","160,400","164,985",0
2016,OCHILTREE,"10,306","3,004",31,122,0,"80,565","2,906","2,108",0,896,31,0,0,49,12,61,0,0,0,"79,668",0,897,"2,615",291,0,2016,"27,862,596","4,412,556","1,068,798","169,128","464,763","7,831,789","325,385","1,448,876","2,858,268","105,412","159,062","886,039","23,697","112,372","14,830","41,926","56,724","352,080","55,959","5,967,759","1,801,089","62,941","160,400","164,985",0
2016,OLDHAM,"2,076",663,0,38,0,"5,224","1,016",663,0,0,0,0,0,38,0,0,0,0,0,"5,224",0,0,609,407,0,2016,"27,862,596","4,412,556","1,068,798","169,128","464,763","7,831,789","325,385","1,448,876","2,858,268","105,412","159,062","886,039","23,697","112,372","14,830","41,926","56,724","352,080","55,959","5,967,759","1,801,089","62,941","160,400","164,985",0
2016,ORANGE,"84,964","11,227","35,300",0,"4,335",872,185,"11,147",80,0,"4,245","30,705",350,0,0,0,903,"3,432",0,7,865,0,120,65,0,2016,"27,862,596","4,412,556","1,068,798","169,128","464,763","7,831,789","325,385","1,448,876","2,858,268","105,412","159,062","886,039","23,697","112,372","14,830","41,926","56,724","352,080","55,959","5,967,759","1,801,089","62,941","160,400","164,985",0
2016,PALO PINTO,"28,053","4,227",0,12,334,"1,138","1,847",109,"4,059",59,0,0,0,2,9,1,0,334,0,521,617,0,85,"1,762",0,2016,"27,862,596","4,412,556","1,068,798","169,128","464,763","7,831,789","325,385","1,448,876","2,858,268","105,412","159,062","886,039","23,697","112,372","14,830","41,926","56,724","352,080","55,959","5,967,759","1,801,089","62,941","160,400","164,985",0
2016,PANOLA,"23,492","3,543",984,"1,099",0,"1,102","2,669","2,056","1,487",0,2,982,0,603,469,27,0,0,0,"1,102",0,0,267,"2,402",0,2016,"27,862,596","4,412,556","1,068,798","169,128","464,763","7,831,789","325,385","1,448,876","2,858,268","105,412","159,062","886,039","23,697","112,372","14,830","41,926","56,724","352,080","55,959","5,967,759","1,801,089","62,941","160,400","164,985",0
2016,PARKER,"129,441","15,157",49,361,0,"1,162","1,523","7,123","7,992",42,18,31,0,2,358,1,0,0,0,875,287,0,152,"1,371",0,2016,"27,862,596","4,412,556","1,068,798","169,128","464,763","7,831,789","325,385","1,448,876","2,858,268","105,412","159,062","886,039","23,697","112,372","14,830","41,926","56,724","352,080","55,959","5,967,759","1,801,089","62,941","160,400","164,985",0
2016,PARMER,"9,776","1,485","1,830",0,0,"173,939","9,925","1,321",0,164,"1,830",0,0,0,0,0,0,0,0,"173,774",0,165,"8,933",992,0,2016,"27,862,596","4,412,556","1,068,798","169,128","464,763","7,831,789","325,385","1,448,876","2,858,268","105,412","159,062","886,039","23,697","112,372","14,830","41,926","56,724","352,080","55,959","5,967,759","1,801,089","62,941","160,400","164,985",0
2016,PECOS,"15,970","6,427",221,"1,235",0,"153,014",631,"5,217",0,"1,210",221,0,0,247,0,988,0,0,0,"147,893","3,910","1,211",599,32,0,2016,"27,862,596","4,412,556","1,068,798","169,128","464,763","7,831,789","325,385","1,448,876","2,858,268","105,412","159,062","886,039","23,697","112,372","14,830","41,926","56,724","352,080","55,959","5,967,759","1,801,089","62,941","160,400","164,985",0
2016,POLK,"47,916","6,872",314,0,0,143,307,"4,452","2,420",0,311,0,3,0,0,0,0,0,0,143,0,0,31,276,0,2016,"27,862,596","4,412,556","1,068,798","169,128","464,763","7,831,789","325,385","1,448,876","2,858,268","105,412","159,062","886,039","23,697","112,372","14,830","41,926","56,724","352,080","55,959","5,967,759","1,801,089","62,941","160,400","164,985",0
2016,POTTER,"120,832","25,138","8,285",123,"9,401","3,184",479,"21,149","2,823","1,166","6,558",59,"1,668",89,34,0,862,0,"8,539","1,528",0,"1,656",407,72,0,2016,"27,862,596","4,412,556","1,068,798","169,128","464,763","7,831,789","325,385","1,448,876","2,858,268","105,412","159,062","886,039","23,697","112,372","14,830","41,926","56,724","352,080","55,959","5,967,759","1,801,089","62,941","160,400","164,985",0
2016,PRESIDIO,"6,958","3,307",0,0,0,"3,571",259,"3,307",0,0,0,0,0,0,0,0,0,0,0,"1,873","1,698",0,233,26,0,2016,"27,862,596","4,412,556","1,068,798","169,128","464,763","7,831,789","325,385","1,448,876","2,858,268","105,412","159,062","886,039","23,697","112,372","14,830","41,926","56,724","352,080","55,959","5,967,759","1,801,089","62,941","160,400","164,985",0
2016,RAINS,"11,314","1,559",0,0,0,63,466,375,"1,184",0,0,0,0,0,0,0,0,0,0,5,58,0,23,443,0,2016,"27,862,596","4,412,556","1,068,798","169,128","464,763","7,831,789","325,385","1,448,876","2,858,268","105,412","159,062","886,039","23,697","112,372","14,830","41,926","56,724","352,080","55,959","5,967,759","1,801,089","62,941","160,400","164,985",0
2016,RANDALL,"132,501","24,497",576,0,0,"17,709","3,213","20,317","3,264",916,576,0,0,0,0,0,0,0,0,"17,625",84,0,"2,570",643,0,2016,"27,862,596","4,412,556","1,068,798","169,128","464,763","7,831,789","325,385","1,448,876","2,858,268","105,412","159,062","886,039","23,697","112,372","14,830","41,926","56,724","352,080","55,959","5,967,759","1,801,089","62,941","160,400","164,985",0
2016,REAGAN,"3,608",623,0,"5,368",0,"20,244",149,623,0,0,0,0,0,"3,650",0,"1,718",0,0,0,"20,244",0,0,134,15,0,2016,"27,862,596","4,412,556","1,068,798","169,128","464,763","7,831,789","325,385","1,448,876","2,858,268","105,412","159,062","886,039","23,697","112,372","14,830","41,926","56,724","352,080","55,959","5,967,759","1,801,089","62,941","160,400","164,985",0
2016,REAL,"3,389",614,0,0,0,217,63,471,143,0,0,0,0,0,0,0,0,0,0,146,71,0,50,13,0,2016,"27,862,596","4,412,556","1,068,798","169,128","464,763","7,831,789","325,385","1,448,876","2,858,268","105,412","159,062","886,039","23,697","112,372","14,830","41,926","56,724","352,080","55,959","5,967,759","1,801,089","62,941","160,400","164,985",0
2016,RED RIVER,"12,207","1,966",1,0,0,"2,932","1,507","1,000",966,0,1,0,0,0,0,0,0,0,0,"1,451","1,481",0,75,"1,432",0,2016,"27,862,596","4,412,556","1,068,798","169,128","464,763","7,831,789","325,385","1,448,876","2,858,268","105,412","159,062","886,039","23,697","112,372","14,830","41,926","56,724","352,080","55,959","5,967,759","1,801,089","62,941","160,400","164,985",0
2016,REEVES,"14,921","5,145",6,"7,791",0,"65,423",476,"5,145",0,0,6,0,0,"1,558",0,"6,233",0,0,0,"54,206","11,217",0,476,0,0,2016,"27,862,596","4,412,556","1,068,798","169,128","464,763","7,831,789","325,385","1,448,876","2,858,268","105,412","159,062","886,039","23,697","112,372","14,830","41,926","56,724","352,080","55,959","5,967,759","1,801,089","62,941","160,400","164,985",0
2016,REFUGIO,"7,321","1,030",0,0,0,827,434,"1,030",0,0,0,0,0,0,0,0,0,0,0,827,0,0,391,43,0,2016,"27,862,596","4,412,556","1,068,798","169,128","464,763","7,831,789","325,385","1,448,876","2,858,268","105,412","159,062","886,039","23,697","112,372","14,830","41,926","56,724","352,080","55,959","5,967,759","1,801,089","62,941","160,400","164,985",0
2016,ROBERTS,916,170,0,40,0,"9,545",353,170,0,0,0,0,0,16,4,20,0,0,0,"9,545",0,0,300,53,0,2016,"27,862,596","4,412,556","1,068,798","169,128","464,763","7,831,789","325,385","1,448,876","2,858,268","105,412","159,062","886,039","23,697","112,372","14,830","41,926","56,724","352,080","55,959","5,967,759","1,801,089","62,941","160,400","164,985",0
2016,ROBERTSON,"16,751","2,199",35,"3,384","33,577","63,816","2,767","2,199",0,0,35,0,0,"3,334",14,36,"5,185","28,392",0,"63,188",628,0,830,"1,937",0,2016,"27,862,596","4,412,556","1,068,798","169,128","464,763","7,831,789","325,385","1,448,876","2,858,268","105,412","159,062","886,039","23,697","112,372","14,830","41,926","56,724","352,080","55,959","5,967,759","1,801,089","62,941","160,400","164,985",0
2016,ROCKWALL,"93,978","13,064",5,0,0,7,137,53,"13,011",0,0,5,0,0,0,0,0,0,0,7,0,0,2,135,0,2016,"27,862,596","4,412,556","1,068,798","169,128","464,763","7,831,789","325,385","1,448,876","2,858,268","105,412","159,062","886,039","23,697","112,372","14,830","41,926","56,724","352,080","55,959","5,967,759","1,801,089","62,941","160,400","164,985",0
2016,RUNNELS,"10,448","1,316",4,6,0,"3,559",584,107,"1,209",0,0,4,0,4,0,2,0,0,0,"2,954",605,0,292,292,0,2016,"27,862,596","4,412,556","1,068,798","169,128","464,763","7,831,789","325,385","1,448,876","2,858,268","105,412","159,062","886,039","23,697","112,372","14,830","41,926","56,724","352,080","55,959","5,967,759","1,801,089","62,941","160,400","164,985",0
2016,RUSK,"52,732","7,834",12,"2,120","16,311",148,"1,766","6,910",924,0,12,0,0,"1,804",313,3,16,"16,295",0,148,0,0,353,"1,413",0,2016,"27,862,596","4,412,556","1,068,798","169,128","464,763","7,831,789","325,385","1,448,876","2,858,268","105,412","159,062","886,039","23,697","112,372","14,830","41,926","56,724","352,080","55,959","5,967,759","1,801,089","62,941","160,400","164,985",0
2016,SABINE,"10,303","1,994",384,0,0,0,111,852,"1,142",0,349,35,0,0,0,0,0,0,0,0,0,0,17,94,0,2016,"27,862,596","4,412,556","1,068,798","169,128","464,763","7,831,789","325,385","1,448,876","2,858,268","105,412","159,062","886,039","23,697","112,372","14,830","41,926","56,724","352,080","55,959","5,967,759","1,801,089","62,941","160,400","164,985",0
2016,SAN AUGUSTINE,"8,320","1,281",3,980,0,0,"2,048",640,641,0,3,0,0,652,279,49,0,0,0,0,0,0,205,"1,843",0,2016,"27,862,596","4,412,556","1,068,798","169,128","464,763","7,831,789","325,385","1,448,876","2,858,268","105,412","159,062","886,039","23,697","112,372","14,830","41,926","56,724","352,080","55,959","5,967,759","1,801,089","62,941","160,400","164,985",0
2016,SAN JACINTO,"27,707","2,942",8,0,1,73,344,"2,942",0,0,8,0,0,0,0,0,1,0,0,73,0,0,69,275,0,2016,"27,862,596","4,412,556","1,068,798","169,128","464,763","7,831,789","325,385","1,448,876","2,858,268","105,412","159,062","886,039","23,697","112,372","14,830","41,926","56,724","352,080","55,959","5,967,759","1,801,089","62,941","160,400","164,985",0
2016,SAN PATRICIO,"67,655","8,468","9,377",0,0,"5,689",272,"1,591","6,877",0,0,"9,377",0,0,0,0,0,0,0,"5,506",183,0,136,136,0,2016,"27,862,596","4,412,556","1,068,798","169,128","464,763","7,831,789","325,385","1,448,876","2,858,268","105,412","159,062","886,039","23,697","112,372","14,830","41,926","56,724","352,080","55,959","5,967,759","1,801,089","62,941","160,400","164,985",0
2016,SAN SABA,"5,944","1,668",5,0,0,"7,729",749,"1,520",148,0,4,1,0,0,0,0,0,0,0,"2,321","5,408",0,300,449,0,2016,"27,862,596","4,412,556","1,068,798","169,128","464,763","7,831,789","325,385","1,448,876","2,858,268","105,412","159,062","886,039","23,697","112,372","14,830","41,926","56,724","352,080","55,959","5,967,759","1,801,089","62,941","160,400","164,985",0
2016,SCHLEICHER,"3,056",467,0,10,0,"2,209",318,467,0,0,0,0,0,7,0,3,0,0,0,"2,209",0,0,302,16,0,2016,"27,862,596","4,412,556","1,068,798","169,128","464,763","7,831,789","325,385","1,448,876","2,858,268","105,412","159,062","886,039","23,697","112,372","14,830","41,926","56,724","352,080","55,959","5,967,759","1,801,089","62,941","160,400","164,985",0
2016,SCURRY,"17,333","1,982",117,64,845,"5,995",408,297,"1,685",0,113,4,0,44,0,20,845,0,0,"5,635",360,0,102,306,0,2016,"27,862,596","4,412,556","1,068,798","169,128","464,763","7,831,789","325,385","1,448,876","2,858,268","105,412","159,062","886,039","23,697","112,372","14,830","41,926","56,724","352,080","55,959","5,967,759","1,801,089","62,941","160,400","164,985",0
2016,SHACKELFORD,"3,315",523,0,163,0,145,504,3,520,0,0,0,0,30,120,13,0,0,0,145,0,0,5,499,0,2016,"27,862,596","4,412,556","1,068,798","169,128","464,763","7,831,789","325,385","1,448,876","2,858,268","105,412","159,062","886,039","23,697","112,372","14,830","41,926","56,724","352,080","55,959","5,967,759","1,801,089","62,941","160,400","164,985",0
2016,SHELBY,"25,579","4,424","1,693",26,0,7,"12,323","2,339","2,085",0,2,"1,691",0,18,7,1,0,0,0,7,0,0,"1,848","10,475",0,2016,"27,862,596","4,412,556","1,068,798","169,128","464,763","7,831,789","325,385","1,448,876","2,858,268","105,412","159,062","886,039","23,697","112,372","14,830","41,926","56,724","352,080","55,959","5,967,759","1,801,089","62,941","160,400","164,985",0
2016,SHERMAN,"3,068",514,2,0,0,"285,432","6,040",514,0,0,2,0,0,0,0,0,0,0,0,"285,432",0,0,"5,436",604,0,2016,"27,862,596","4,412,556","1,068,798","169,128","464,763","7,831,789","325,385","1,448,876","2,858,268","105,412","159,062","886,039","23,697","112,372","14,830","41,926","56,724","352,080","55,959","5,967,759","1,801,089","62,941","160,400","164,985",0
2016,SMITH,"225,290","45,647","1,877",212,0,762,936,"18,068","27,579",0,486,"1,361",30,160,46,6,0,0,0,126,636,0,468,468,0,2016,"27,862,596","4,412,556","1,068,798","169,128","464,763","7,831,789","325,385","1,448,876","2,858,268","105,412","159,062","886,039","23,697","112,372","14,830","41,926","56,724","352,080","55,959","5,967,759","1,801,089","62,941","160,400","164,985",0
2016,SOMERVELL,"8,775","1,441",3,256,"65,543",420,132,467,828,146,3,0,0,233,23,0,0,"65,543",0,145,275,0,40,92,0,2016,"27,862,596","4,412,556","1,068,798","169,128","464,763","7,831,789","325,385","1,448,876","2,858,268","105,412","159,062","886,039","23,697","112,372","14,830","41,926","56,724","352,080","55,959","5,967,759","1,801,089","62,941","160,400","164,985",0
2016,STARR,"64,122","8,897",74,1,0,"8,691","1,141",321,"8,576",0,74,0,0,1,0,0,0,0,0,4,"8,687",0,856,285,0,2016,"27,862,596","4,412,556","1,068,798","169,128","464,763","7,831,789","325,385","1,448,876","2,858,268","105,412","159,062","886,039","23,697","112,372","14,830","41,926","56,724","352,080","55,959","5,967,759","1,801,089","62,941","160,400","164,985",0
2016,STEPHENS,"9,906","1,426",2,16,0,103,373,24,"1,402",0,0,2,0,3,12,1,0,0,0,5,98,0,37,336,0,2016,"27,862,596","4,412,556","1,068,798","169,128","464,763","7,831,789","325,385","1,448,876","2,858,268","105,412","159,062","886,039","23,697","112,372","14,830","41,926","56,724","352,080","55,959","5,967,759","1,801,089","62,941","160,400","164,985",0
2016,STERLING,"1,367",235,0,7,0,720,237,235,0,0,0,0,0,5,0,2,0,0,0,720,0,0,213,24,0,2016,"27,862,596","4,412,556","1,068,798","169,128","464,763","7,831,789","325,385","1,448,876","2,858,268","105,412","159,062","886,039","23,697","112,372","14,830","41,926","56,724","352,080","55,959","5,967,759","1,801,089","62,941","160,400","164,985",0
2016,STONEWALL,"1,426",192,0,12,0,89,321,113,79,0,0,0,0,8,0,4,0,0,0,89,0,0,257,64,0,2016,"27,862,596","4,412,556","1,068,798","169,128","464,763","7,831,789","325,385","1,448,876","2,858,268","105,412","159,062","886,039","23,697","112,372","14,830","41,926","56,724","352,080","55,959","5,967,759","1,801,089","62,941","160,400","164,985",0
2016,SUTTON,"3,869",870,1,0,0,"1,140",345,870,0,0,1,0,0,0,0,0,0,0,0,"1,140",0,0,338,7,0,2016,"27,862,596","4,412,556","1,068,798","169,128","464,763","7,831,789","325,385","1,448,876","2,858,268","105,412","159,062","886,039","23,697","112,372","14,830","41,926","56,724","352,080","55,959","5,967,759","1,801,089","62,941","160,400","164,985",0
2016,SWISHER,"7,466",995,0,0,0,"83,585","3,335",889,106,0,0,0,0,0,0,0,0,0,0,"83,585",0,0,"3,269",66,0,2016,"27,862,596","4,412,556","1,068,798","169,128","464,763","7,831,789","325,385","1,448,876","2,858,268","105,412","159,062","886,039","23,697","112,372","14,830","41,926","56,724","352,080","55,959","5,967,759","1,801,089","62,941","160,400","164,985",0
2016,TARRANT,"2,016,872","314,159","9,598",347,875,"3,694",413,"13,368","300,115",676,83,"9,509",6,56,266,25,0,875,0,"2,137","1,557",0,62,351,0,2016,"27,862,596","4,412,556","1,068,798","169,128","464,763","7,831,789","325,385","1,448,876","2,858,268","105,412","159,062","886,039","23,697","112,372","14,830","41,926","56,724","352,080","55,959","5,967,759","1,801,089","62,941","160,400","164,985",0
2016,TAYLOR,"136,535","22,049",520,12,0,"1,533",642,751,"21,066",232,5,515,0,9,2,1,0,0,0,642,891,0,96,546,0,2016,"27,862,596","4,412,556","1,068,798","169,128","464,763","7,831,789","325,385","1,448,876","2,858,268","105,412","159,062","886,039","23,697","112,372","14,830","41,926","56,724","352,080","55,959","5,967,759","1,801,089","62,941","160,400","164,985",0
2016,TERRELL,812,144,0,9,0,956,96,144,0,0,0,0,0,7,0,2,0,0,0,419,537,0,94,2,0,2016,"27,862,596","4,412,556","1,068,798","169,128","464,763","7,831,789","325,385","1,448,876","2,858,268","105,412","159,062","886,039","23,697","112,372","14,830","41,926","56,724","352,080","55,959","5,967,759","1,801,089","62,941","160,400","164,985",0
2016,TERRY,"12,799","2,032",15,6,0,"121,373",475,706,"1,326",0,0,15,0,4,0,2,0,0,0,"120,643",730,0,428,47,0,2016,"27,862,596","4,412,556","1,068,798","169,128","464,763","7,831,789","325,385","1,448,876","2,858,268","105,412","159,062","886,039","23,697","112,372","14,830","41,926","56,724","352,080","55,959","5,967,759","1,801,089","62,941","160,400","164,985",0
2016,THROCKMORTON,"1,533",127,0,39,0,40,459,5,122,0,0,0,0,29,7,3,0,0,0,40,0,0,0,459,0,2016,"27,862,596","4,412,556","1,068,798","169,128","464,763","7,831,789","325,385","1,448,876","2,858,268","105,412","159,062","886,039","23,697","112,372","14,830","41,926","56,724","352,080","55,959","5,967,759","1,801,089","62,941","160,400","164,985",0
2016,TITUS,"32,592","4,856","2,806",590,"38,735","1,125","2,936",325,"4,531",0,0,"2,806",0,0,590,0,3,"38,732",0,124,"1,001",0,587,"2,349",0,2016,"27,862,596","4,412,556","1,068,798","169,128","464,763","7,831,789","325,385","1,448,876","2,858,268","105,412","159,062","886,039","23,697","112,372","14,830","41,926","56,724","352,080","55,959","5,967,759","1,801,089","62,941","160,400","164,985",0
2016,TOM GREEN,"118,386","15,948",701,1,0,"47,400",629,"4,303","11,645",0,595,106,0,1,0,0,0,0,0,"39,478","2,612","5,310",503,126,0,2016,"27,862,596","4,412,556","1,068,798","169,128","464,763","7,831,789","325,385","1,448,876","2,858,268","105,412","159,062","886,039","23,697","112,372","14,830","41,926","56,724","352,080","55,959","5,967,759","1,801,089","62,941","160,400","164,985",0
2016,TRAVIS,"1,199,323","178,496","12,423",0,"2,208","2,177",410,"18,529","154,954","5,013",692,"10,045","1,686",0,0,0,82,736,"1,390","1,765",412,0,82,328,0,2016,"27,862,596","4,412,556","1,068,798","169,128","464,763","7,831,789","325,385","1,448,876","2,858,268","105,412","159,062","886,039","23,697","112,372","14,830","41,926","56,724","352,080","55,959","5,967,759","1,801,089","62,941","160,400","164,985",0
2016,TRINITY,"14,442","1,870",0,0,0,43,318,"1,340",530,0,0,0,0,0,0,0,0,0,0,43,0,0,16,302,0,2016,"27,862,596","4,412,556","1,068,798","169,128","464,763","7,831,789","325,385","1,448,876","2,858,268","105,412","159,062","886,039","23,697","112,372","14,830","41,926","56,724","352,080","55,959","5,967,759","1,801,089","62,941","160,400","164,985",0
2016,TYLER,"21,320","3,713",0,3,0,276,235,"3,713",0,0,0,0,0,2,1,0,0,0,0,276,0,0,47,188,0,2016,"27,862,596","4,412,556","1,068,798","169,128","464,763","7,831,789","325,385","1,448,876","2,858,268","105,412","159,062","886,039","23,697","112,372","14,830","41,926","56,724","352,080","55,959","5,967,759","1,801,089","62,941","160,400","164,985",0
2016,UPSHUR,"40,969","3,923",20,24,0,112,"1,756","3,237",686,0,20,0,0,16,7,1,0,0,0,40,72,0,263,"1,493",0,2016,"27,862,596","4,412,556","1,068,798","169,128","464,763","7,831,789","325,385","1,448,876","2,858,268","105,412","159,062","886,039","23,697","112,372","14,830","41,926","56,724","352,080","55,959","5,967,759","1,801,089","62,941","160,400","164,985",0
2016,UPTON,"3,673",821,41,"7,566",0,"6,685",136,821,0,0,41,0,0,"5,189",0,"2,377",0,0,0,"6,685",0,0,136,0,0,2016,"27,862,596","4,412,556","1,068,798","169,128","464,763","7,831,789","325,385","1,448,876","2,858,268","105,412","159,062","886,039","23,697","112,372","14,830","41,926","56,724","352,080","55,959","5,967,759","1,801,089","62,941","160,400","164,985",0
2016,UVALDE,"27,285","6,109",0,44,0,"48,036","1,977","4,477",0,"1,632",0,0,0,44,0,0,0,0,0,"47,886",150,0,"1,726",251,0,2016,"27,862,596","4,412,556","1,068,798","169,128","464,763","7,831,789","325,385","1,448,876","2,858,268","105,412","159,062","886,039","23,697","112,372","14,830","41,926","56,724","352,080","55,959","5,967,759","1,801,089","62,941","160,400","164,985",0
2016,VAL VERDE,"48,881","10,780",0,0,0,"2,945",284,"10,697",83,0,0,0,0,0,0,0,0,0,0,31,"2,914",0,270,14,0,2016,"27,862,596","4,412,556","1,068,798","169,128","464,763","7,831,789","325,385","1,448,876","2,858,268","105,412","159,062","886,039","23,697","112,372","14,830","41,926","56,724","352,080","55,959","5,967,759","1,801,089","62,941","160,400","164,985",0
2016,VAN ZANDT,"54,355","6,380",133,8,0,58,"1,808","3,896","2,476",8,56,77,0,8,0,0,0,0,0,47,11,0,451,"1,357",0,2016,"27,862,596","4,412,556","1,068,798","169,128","464,763","7,831,789","325,385","1,448,876","2,858,268","105,412","159,062","886,039","23,697","112,372","14,830","41,926","56,724","352,080","55,959","5,967,759","1,801,089","62,941","160,400","164,985",0
2016,VICTORIA,"92,467","13,269","9,987",3,817,"10,195",933,"2,762","10,507",0,525,"9,462",0,3,0,0,817,0,0,"10,195",0,0,560,373,0,2016,"27,862,596","4,412,556","1,068,798","169,128","464,763","7,831,789","325,385","1,448,876","2,858,268","105,412","159,062","886,039","23,697","112,372","14,830","41,926","56,724","352,080","55,959","5,967,759","1,801,089","62,941","160,400","164,985",0
2016,WALKER,"71,484","17,142",245,0,0,248,781,"3,900","13,242",0,57,188,0,0,0,0,0,0,0,124,124,0,234,547,0,2016,"27,862,596","4,412,556","1,068,798","169,128","464,763","7,831,789","325,385","1,448,876","2,858,268","105,412","159,062","886,039","23,697","112,372","14,830","41,926","56,724","352,080","55,959","5,967,759","1,801,089","62,941","160,400","164,985",0
2016,WALLER,"50,115","5,043",28,0,0,"12,396","1,224","5,043",0,0,28,0,0,0,0,0,0,0,0,"12,167",229,0,612,612,0,2016,"27,862,596","4,412,556","1,068,798","169,128","464,763","7,831,789","325,385","1,448,876","2,858,268","105,412","159,062","886,039","23,697","112,372","14,830","41,926","56,724","352,080","55,959","5,967,759","1,801,089","62,941","160,400","164,985",0
2016,WARD,"11,600","3,570",0,"1,292",40,"4,830",62,"2,690",0,880,0,0,0,879,0,413,40,0,0,"1,714","3,100",16,59,3,0,2016,"27,862,596","4,412,556","1,068,798","169,128","464,763","7,831,789","325,385","1,448,876","2,858,268","105,412","159,062","886,039","23,697","112,372","14,830","41,926","56,724","352,080","55,959","5,967,759","1,801,089","62,941","160,400","164,985",0
2016,WASHINGTON,"35,056","4,457",241,35,0,200,"1,358","1,729","2,728",0,159,82,0,25,3,7,0,0,0,200,0,0,136,"1,222",0,2016,"27,862,596","4,412,556","1,068,798","169,128","464,763","7,831,789","325,385","1,448,876","2,858,268","105,412","159,062","886,039","23,697","112,372","14,830","41,926","56,724","352,080","55,959","5,967,759","1,801,089","62,941","160,400","164,985",0
2016,WEBB,"271,193","45,914",39,"4,815",94,"2,620",976,223,"42,642","3,049",8,31,0,"3,435",426,954,0,94,0,4,"2,616",0,195,781,0,2016,"27,862,596","4,412,556","1,068,798","169,128","464,763","7,831,789","325,385","1,448,876","2,858,268","105,412","159,062","886,039","23,697","112,372","14,830","41,926","56,724","352,080","55,959","5,967,759","1,801,089","62,941","160,400","164,985",0
2016,WHARTON,"41,735","5,415",51,1,"2,450","193,878","1,077","5,415",0,0,51,0,0,1,0,0,"2,436",9,5,"100,252","93,626",0,807,270,0,2016,"27,862,596","4,412,556","1,068,798","169,128","464,763","7,831,789","325,385","1,448,876","2,858,268","105,412","159,062","886,039","23,697","112,372","14,830","41,926","56,724","352,080","55,959","5,967,759","1,801,089","62,941","160,400","164,985",0
2016,WHEELER,"5,546","1,389",0,223,0,"17,419","1,169","1,389",0,0,0,0,0,90,22,111,0,0,0,"17,381",38,0,877,292,0,2016,"27,862,596","4,412,556","1,068,798","169,128","464,763","7,831,789","325,385","1,448,876","2,858,268","105,412","159,062","886,039","23,697","112,372","14,830","41,926","56,724","352,080","55,959","5,967,759","1,801,089","62,941","160,400","164,985",0
2016,WICHITA,"131,838","17,150",640,45,6,"15,713",539,"1,042","16,107",1,17,458,165,33,8,4,0,6,0,463,"15,250",0,27,512,0,2016,"27,862,596","4,412,556","1,068,798","169,128","464,763","7,831,789","325,385","1,448,876","2,858,268","105,412","159,062","886,039","23,697","112,372","14,830","41,926","56,724","352,080","55,959","5,967,759","1,801,089","62,941","160,400","164,985",0
2016,WILBARGER,"12,892","2,027",565,34,"4,075","21,671",451,"2,016",11,0,565,0,0,25,6,3,0,"4,075",0,"21,473",198,0,113,338,0,2016,"27,862,596","4,412,556","1,068,798","169,128","464,763","7,831,789","325,385","1,448,876","2,858,268","105,412","159,062","886,039","23,697","112,372","14,830","41,926","56,724","352,080","55,959","5,967,759","1,801,089","62,941","160,400","164,985",0
2016,WILLACY,"21,810","3,083",0,0,0,"76,181",203,423,"2,660",0,0,0,0,0,0,0,0,0,0,38,"76,143",0,81,122,0,2016,"27,862,596","4,412,556","1,068,798","169,128","464,763","7,831,789","325,385","1,448,876","2,858,268","105,412","159,062","886,039","23,697","112,372","14,830","41,926","56,724","352,080","55,959","5,967,759","1,801,089","62,941","160,400","164,985",0
2016,WILLIAMSON,"528,718","81,279",341,"1,059",0,521,"1,379","15,841","64,298","1,140",46,295,0,"1,051",8,0,0,0,0,233,288,0,414,965,0,2016,"27,862,596","4,412,556","1,068,798","169,128","464,763","7,831,789","325,385","1,448,876","2,858,268","105,412","159,062","886,039","23,697","112,372","14,830","41,926","56,724","352,080","55,959","5,967,759","1,801,089","62,941","160,400","164,985",0
2016,WILSON,"48,480","6,078",57,114,0,"11,014","1,491","5,856",222,0,57,0,0,82,9,23,0,0,0,"10,387",627,0,894,597,0,2016,"27,862,596","4,412,556","1,068,798","169,128","464,763","7,831,789","325,385","1,448,876","2,858,268","105,412","159,062","886,039","23,697","112,372","14,830","41,926","56,724","352,080","55,959","5,967,759","1,801,089","62,941","160,400","164,985",0
2016,WINKLER,"7,893","1,790",32,813,0,"2,740",90,"1,790",0,0,32,0,0,555,0,258,0,0,0,"2,740",0,0,88,2,0,2016,"27,862,596","4,412,556","1,068,798","169,128","464,763","7,831,789","325,385","1,448,876","2,858,268","105,412","159,062","886,039","23,697","112,372","14,830","41,926","56,724","352,080","55,959","5,967,759","1,801,089","62,941","160,400","164,985",0
2016,WISE,"64,455","6,851",169,"1,528","1,944","1,123","1,325","3,522","3,329",0,113,56,0,18,867,643,0,"1,944",0,"1,080",43,0,265,"1,060",0,2016,"27,862,596","4,412,556","1,068,798","169,128","464,763","7,831,789","325,385","1,448,876","2,858,268","105,412","159,062","886,039","23,697","112,372","14,830","41,926","56,724","352,080","55,959","5,967,759","1,801,089","62,941","160,400","164,985",0
2016,WOOD,"44,227","5,307","2,580",45,0,512,"3,345","4,456",851,0,"2,184",188,208,30,13,2,0,0,0,214,89,209,167,"3,178",0,2016,"27,862,596","4,412,556","1,068,798","169,128","464,763","7,831,789","325,385","1,448,876","2,858,268","105,412","159,062","886,039","23,697","112,372","14,830","41,926","56,724","352,080","55,959","5,967,759","1,801,089","62,941","160,400","164,985",0
2016,YOAKUM,"8,488","1,666",0,316,"1,302","118,904",84,"1,476",0,190,0,0,0,215,0,101,"1,302",0,0,"118,714",0,190,80,4,0,2016,"27,862,596","4,412,556","1,068,798","169,128","464,763","7,831,789","325,385","1,448,876","2,858,268","105,412","159,062","886,039","23,697","112,372","14,830","41,926","56,724","352,080","55,959","5,967,759","1,801,089","62,941","160,400","164,985",0
2016,YOUNG,"18,152","3,114",31,20,368,648,570,216,"2,898",0,0,31,0,4,14,2,0,368,0,34,614,0,114,456,0,2016,"27,862,596","4,412,556","1,068,798","169,128","464,763","7,831,789","325,385","1,448,876","2,858,268","105,412","159,062","886,039","23,697","112,372","14,830","41,926","56,724","352,080","55,959","5,967,759","1,801,089","62,941","160,400","164,985",0
2016,ZAPATA,"14,349","3,144",0,15,0,"1,524",439,86,"3,058",0,0,0,0,0,15,0,0,0,0,0,"1,524",0,307,132,0,2016,"27,862,596","4,412,556","1,068,798","169,128","464,763","7,831,789","325,385","1,448,876","2,858,268","105,412","159,062","886,039","23,697","112,372","14,830","41,926","56,724","352,080","55,959","5,967,759","1,801,089","62,941","160,400","164,985",0
2016,ZAVALA,"12,023","2,238",662,510,0,"35,016",756,"2,238",0,0,662,0,0,367,41,102,0,0,0,"32,430","2,586",0,378,378,0,2016,"27,862,596","4,412,556","1,068,798","169,128","464,763","7,831,789","325,385","1,448,876","2,858,268","105,412","159,062","886,039","23,697","112,372","14,830","41,926","56,724","352,080","55,959","5,967,759","1,801,089","62,941","160,400","164,985",0

